Workbook

Sheet Athena_BV
B1: Benchmarks | C1: Base | N1: Slice | Y1: Cncrt | AJ1: Slice+Cncrt
C2: Variant Results | D2: Tool Decision | I2: SR | K2: TVT | L2: AVT | M2: MVT | N2: Variant Results | O2: Tool Decision | T2: SR | V2: TVT | W2: AVT | X2: MVT | Y2: Variant Results | Z2: Tool Decision | AE2: SR | AG2: TVT | AH2: AVT | AI2: MVT | AJ2: Variant Results | AK2: Tool Decision | AP2: SR | AR2: TVT | AS2: AVT | AT2: MVT
A3: loop | B3: Adding_Subtracting_Zero_1_NT.c | C3: (FSE_Bitvector_Mode_Adding_Subtracting_Zero_1_NT_Loop0_TestCase0, NO, 4937) | D3: correct | E3: 0 | F3: 0/0 | G3: 1 | H3: 1/1 | I3: 1 | J3: 1/1 | K3: 4937 | L3: 4937 | M3: 4937 | N3: (FSE_Bitvector_Mode_Adding_Subtracting_Zero_1_NT_Loop17_TestCase0, NO, 1969) | O3: correct | P3: 0 | Q3: 0/0 | R3: 1 | S3: 1/1 | T3: 1 | U3: 1/1 | V3: 1969 | W3: 1969 | X3: 1969 | Y3: (FSE_Bitvector_Mode_Adding_Subtracting_Zero_1_NT_Loop0_TestCase2, YES, 1692) (FSE_Bitvector_Mode_Adding_Subtracting_Zero_1_NT_Loop0_TestCase3, YES, 1711) (FSE_Bitvector_Mode_Adding_Subtracting_Zero_1_NT_Loop0_TestCase1, YES, 1679) (FSE_Bitvector_Mode_Adding_Subtracting_Zero_1_NT_Loop0_TestCase4, YES, 1672) (FSE_Bitvector_Mode_Adding_Subtracting_Zero_1_NT_Loop0_TestCase5, YES, 1799) (FSE_Bitvector_Mode_Adding_Subtracting_Zero_1_NT_Loop0_TestCase7, NO, 1686) (FSE_Bitvector_Mode_Adding_Subtracting_Zero_1_NT_Loop0_TestCase6, NO, 2021) (FSE_Bitvector_Mode_Adding_Subtracting_Zero_1_NT_Loop0_TestCase10, NO, 1712) (FSE_Bitvector_Mode_Adding_Subtracting_Zero_1_NT_Loop0_TestCase8, NO, 1734) (FSE_Bitvector_Mode_Adding_Subtracting_Zero_1_NT_Loop0_TestCase9, NO, 1714) | Z3: correct | AA3: 1 | AB3: 5/5 | AC3: 1 | AD3: 5/5 | AE3: 1 | AF3: 10/10 | AG3: 17420 | AH3: 1742 | AI3: 1711.5 | AJ3: (FSE_Bitvector_Mode_Adding_Subtracting_Zero_1_NT_Loop17_TestCase8, NO, 1664) (FSE_Bitvector_Mode_Adding_Subtracting_Zero_1_NT_Loop17_TestCase9, NO, 1707) (FSE_Bitvector_Mode_Adding_Subtracting_Zero_1_NT_Loop17_TestCase1, YES, 1937) (FSE_Bitvector_Mode_Adding_Subtracting_Zero_1_NT_Loop17_TestCase10, NO, 1759) (FSE_Bitvector_Mode_Adding_Subtracting_Zero_1_NT_Loop17_TestCase2, YES, 1743) (FSE_Bitvector_Mode_Adding_Subtracting_Zero_1_NT_Loop17_TestCase3, YES, 1710) (FSE_Bitvector_Mode_Adding_Subtracting_Zero_1_NT_Loop17_TestCase7, NO, 1736) (FSE_Bitvector_Mode_Adding_Subtracting_Zero_1_NT_Loop17_TestCase6, NO, 1726) (FSE_Bitvector_Mode_Adding_Subtracting_Zero_1_NT_Loop17_TestCase4, YES, 1709) (FSE_Bitvector_Mode_Adding_Subtracting_Zero_1_NT_Loop17_TestCase5, YES, 1870) | AK3: correct | AL3: 1 | AM3: 5/5 | AN3: 1 | AO3: 5/5 | AP3: 1 | AQ3: 10/10 | AR3: 17561 | AS3: 1756.1 | AT3: 1731
B4: Adding_Subtracting_Zero_1_T.c | C4: (FSE_Bitvector_Mode_Adding_Subtracting_Zero_1_T_Loop0_TestCase0, YES, 1935) | D4: correct | E4: 1 | F4: 1/1 | I4: 1 | J4: 1/1 | K4: 1935 | L4: 1935 | M4: 1935 | N4: (FSE_Bitvector_Mode_Adding_Subtracting_Zero_1_T_Loop17_TestCase0, YES, 1894) | O4: correct | P4: 1 | Q4: 1/1 | T4: 1 | U4: 1/1 | V4: 1894 | W4: 1894 | X4: 1894 | Y4: (FSE_Bitvector_Mode_Adding_Subtracting_Zero_1_T_Loop0_TestCase7, YES, 1713) (FSE_Bitvector_Mode_Adding_Subtracting_Zero_1_T_Loop0_TestCase6, YES, 1694) (FSE_Bitvector_Mode_Adding_Subtracting_Zero_1_T_Loop0_TestCase4, YES, 1696) (FSE_Bitvector_Mode_Adding_Subtracting_Zero_1_T_Loop0_TestCase5, YES, 1794) (FSE_Bitvector_Mode_Adding_Subtracting_Zero_1_T_Loop0_TestCase1, YES, 1687) (FSE_Bitvector_Mode_Adding_Subtracting_Zero_1_T_Loop0_TestCase2, YES, 1674) (FSE_Bitvector_Mode_Adding_Subtracting_Zero_1_T_Loop0_TestCase3, YES, 1676) (FSE_Bitvector_Mode_Adding_Subtracting_Zero_1_T_Loop0_TestCase10, YES, 1676) (FSE_Bitvector_Mode_Adding_Subtracting_Zero_1_T_Loop0_TestCase8, YES, 1677) (FSE_Bitvector_Mode_Adding_Subtracting_Zero_1_T_Loop0_TestCase9, YES, 1682) | Z4: correct | AA4: 1 | AB4: 10/10 | AE4: 1 | AF4: 10/10 | AG4: 16969 | AH4: 1696.9 | AI4: 1684.5 | AJ4: (FSE_Bitvector_Mode_Adding_Subtracting_Zero_1_T_Loop17_TestCase7, YES, 1707) (FSE_Bitvector_Mode_Adding_Subtracting_Zero_1_T_Loop17_TestCase6, YES, 1745) (FSE_Bitvector_Mode_Adding_Subtracting_Zero_1_T_Loop17_TestCase4, YES, 1973) (FSE_Bitvector_Mode_Adding_Subtracting_Zero_1_T_Loop17_TestCase5, YES, 1807) (FSE_Bitvector_Mode_Adding_Subtracting_Zero_1_T_Loop17_TestCase1, YES, 1753) (FSE_Bitvector_Mode_Adding_Subtracting_Zero_1_T_Loop17_TestCase2, YES, 1723) (FSE_Bitvector_Mode_Adding_Subtracting_Zero_1_T_Loop17_TestCase3, YES, 1752) (FSE_Bitvector_Mode_Adding_Subtracting_Zero_1_T_Loop17_TestCase10, YES, 1737) (FSE_Bitvector_Mode_Adding_Subtracting_Zero_1_T_Loop17_TestCase8, YES, 1747) (FSE_Bitvector_Mode_Adding_Subtracting_Zero_1_T_Loop17_TestCase9, YES, 1737) | AK4: correct | AL4: 1 | AM4: 10/10 | AP4: 1 | AQ4: 10/10 | AR4: 17681 | AS4: 1768.1 | AT4: 1746
B5: Adding_Subtracting_Zero_2_NT.c | C5: (FSE_Bitvector_Mode_Adding_Subtracting_Zero_2_NT_Loop0_TestCase0, NO, 65646) | D5: correct | E5: 0 | F5: 0/0 | G5: 1 | H5: 1/1 | I5: 1 | J5: 1/1 | K5: 65646 | L5: 65646 | M5: 65646 | N5: (FSE_Bitvector_Mode_Adding_Subtracting_Zero_2_NT_Loop34_TestCase0, NO, 50185) | O5: correct | P5: 0 | Q5: 0/0 | R5: 1 | S5: 1/1 | T5: 1 | U5: 1/1 | V5: 50185 | W5: 50185 | X5: 50185 | Y5: (FSE_Bitvector_Mode_Adding_Subtracting_Zero_2_NT_Loop0_TestCase7, NO, 1723) (FSE_Bitvector_Mode_Adding_Subtracting_Zero_2_NT_Loop0_TestCase6, NO, 1710) (FSE_Bitvector_Mode_Adding_Subtracting_Zero_2_NT_Loop0_TestCase4, YES, 1772) (FSE_Bitvector_Mode_Adding_Subtracting_Zero_2_NT_Loop0_TestCase5, YES, 1745) (FSE_Bitvector_Mode_Adding_Subtracting_Zero_2_NT_Loop0_TestCase10, NO, 1743) (FSE_Bitvector_Mode_Adding_Subtracting_Zero_2_NT_Loop0_TestCase1, YES, 1784) (FSE_Bitvector_Mode_Adding_Subtracting_Zero_2_NT_Loop0_TestCase2, YES, 1712) (FSE_Bitvector_Mode_Adding_Subtracting_Zero_2_NT_Loop0_TestCase3, YES, 1734) (FSE_Bitvector_Mode_Adding_Subtracting_Zero_2_NT_Loop0_TestCase8, NO, 1718) (FSE_Bitvector_Mode_Adding_Subtracting_Zero_2_NT_Loop0_TestCase9, NO, 1808) | Z5: correct | AA5: 1 | AB5: 5/5 | AC5: 1 | AD5: 5/5 | AE5: 1 | AF5: 10/10 | AG5: 17449 | AH5: 1744.9 | AI5: 1738.5 | AJ5: (FSE_Bitvector_Mode_Adding_Subtracting_Zero_2_NT_Loop34_TestCase8, NO, 1736) (FSE_Bitvector_Mode_Adding_Subtracting_Zero_2_NT_Loop34_TestCase9, NO, 1787) (FSE_Bitvector_Mode_Adding_Subtracting_Zero_2_NT_Loop34_TestCase4, YES, 1762) (FSE_Bitvector_Mode_Adding_Subtracting_Zero_2_NT_Loop34_TestCase5, YES, 1735) (FSE_Bitvector_Mode_Adding_Subtracting_Zero_2_NT_Loop34_TestCase7, NO, 1737) (FSE_Bitvector_Mode_Adding_Subtracting_Zero_2_NT_Loop34_TestCase6, NO, 1750) (FSE_Bitvector_Mode_Adding_Subtracting_Zero_2_NT_Loop34_TestCase2, YES, 1778) (FSE_Bitvector_Mode_Adding_Subtracting_Zero_2_NT_Loop34_TestCase3, YES, 1753) (FSE_Bitvector_Mode_Adding_Subtracting_Zero_2_NT_Loop34_TestCase1, YES, 1761) (FSE_Bitvector_Mode_Adding_Subtracting_Zero_2_NT_Loop34_TestCase10, NO, 1742) | AK5: correct | AL5: 1 | AM5: 5/5 | AN5: 1 | AO5: 5/5 | AP5: 1 | AQ5: 10/10 | AR5: 17541 | AS5: 1754.1 | AT5: 1751.5
B6: Adding_Subtracting_Zero_2_T.c | C6: (FSE_Bitvector_Mode_Adding_Subtracting_Zero_2_T_Loop0_TestCase0, TIMEOUT, 301974) | D6: correct | E6: 0 | F6: 0/1 | I6: 0 | J6: 0/1 | K6: 0 | L6: 0 | M6: 0 | N6: (FSE_Bitvector_Mode_Adding_Subtracting_Zero_2_T_Loop35_TestCase0, TIMEOUT, 302098) | O6: correct | P6: 0 | Q6: 0/1 | T6: 0 | U6: 0/1 | V6: 0 | W6: 0 | X6: 0 | Y6: (FSE_Bitvector_Mode_Adding_Subtracting_Zero_2_T_Loop0_TestCase9, YES, 1727) (FSE_Bitvector_Mode_Adding_Subtracting_Zero_2_T_Loop0_TestCase8, YES, 1749) (FSE_Bitvector_Mode_Adding_Subtracting_Zero_2_T_Loop0_TestCase10, YES, 1740) (FSE_Bitvector_Mode_Adding_Subtracting_Zero_2_T_Loop0_TestCase3, YES, 1694) (FSE_Bitvector_Mode_Adding_Subtracting_Zero_2_T_Loop0_TestCase2, YES, 1711) (FSE_Bitvector_Mode_Adding_Subtracting_Zero_2_T_Loop0_TestCase1, YES, 1703) (FSE_Bitvector_Mode_Adding_Subtracting_Zero_2_T_Loop0_TestCase5, YES, 1721) (FSE_Bitvector_Mode_Adding_Subtracting_Zero_2_T_Loop0_TestCase4, YES, 1707) (FSE_Bitvector_Mode_Adding_Subtracting_Zero_2_T_Loop0_TestCase6, YES, 1706) (FSE_Bitvector_Mode_Adding_Subtracting_Zero_2_T_Loop0_TestCase7, YES, 1701) | Z6: correct | AA6: 1 | AB6: 10/10 | AE6: 1 | AF6: 10/10 | AG6: 17159 | AH6: 1715.9 | AI6: 1709 | AJ6: (FSE_Bitvector_Mode_Adding_Subtracting_Zero_2_T_Loop35_TestCase10, YES, 1776) (FSE_Bitvector_Mode_Adding_Subtracting_Zero_2_T_Loop35_TestCase9, YES, 1753) (FSE_Bitvector_Mode_Adding_Subtracting_Zero_2_T_Loop35_TestCase8, YES, 1819) (FSE_Bitvector_Mode_Adding_Subtracting_Zero_2_T_Loop35_TestCase5, YES, 1745) (FSE_Bitvector_Mode_Adding_Subtracting_Zero_2_T_Loop35_TestCase4, YES, 1748) (FSE_Bitvector_Mode_Adding_Subtracting_Zero_2_T_Loop35_TestCase6, YES, 1796) (FSE_Bitvector_Mode_Adding_Subtracting_Zero_2_T_Loop35_TestCase7, YES, 1777) (FSE_Bitvector_Mode_Adding_Subtracting_Zero_2_T_Loop35_TestCase3, YES, 1759) (FSE_Bitvector_Mode_Adding_Subtracting_Zero_2_T_Loop35_TestCase2, YES, 1718) (FSE_Bitvector_Mode_Adding_Subtracting_Zero_2_T_Loop35_TestCase1, YES, 1765) | AK6: correct | AL6: 1 | AM6: 10/10 | AP6: 1 | AQ6: 10/10 | AR6: 17656 | AS6: 1765.6 | AT6: 1762
B7: Adding_Subtracting_Zero_3_NT.c | C7: (FSE_Bitvector_Mode_Adding_Subtracting_Zero_3_NT_Loop0_TestCase0, TIMEOUT, 301752) | D7: correct | E7: 0 | F7: 0/0 | G7: 0 | H7: 0/1 | I7: 0 | J7: 0/1 | K7: 0 | L7: 0 | M7: 0 | N7: (FSE_Bitvector_Mode_Adding_Subtracting_Zero_3_NT_Loop40_TestCase0, TIMEOUT, 302108) (FSE_Bitvector_Mode_Adding_Subtracting_Zero_3_NT_Loop75_TestCase0, TIMEOUT, 302033) | O7: correct | P7: 0 | Q7: 0/0 | R7: 0 | S7: 0/2 | T7: 0 | U7: 0/2 | V7: 0 | W7: 0 | X7: 0 | Y7: (FSE_Bitvector_Mode_Adding_Subtracting_Zero_3_NT_Loop0_TestCase3, YES, 2195) (FSE_Bitvector_Mode_Adding_Subtracting_Zero_3_NT_Loop0_TestCase2, YES, 1768) (FSE_Bitvector_Mode_Adding_Subtracting_Zero_3_NT_Loop0_TestCase1, YES, 1801) (FSE_Bitvector_Mode_Adding_Subtracting_Zero_3_NT_Loop0_TestCase5, TIMEOUT, 301687) (FSE_Bitvector_Mode_Adding_Subtracting_Zero_3_NT_Loop0_TestCase4, YES, 210313) (FSE_Bitvector_Mode_Adding_Subtracting_Zero_3_NT_Loop0_TestCase6, NO, 1748) (FSE_Bitvector_Mode_Adding_Subtracting_Zero_3_NT_Loop0_TestCase7, NO, 1784) (FSE_Bitvector_Mode_Adding_Subtracting_Zero_3_NT_Loop0_TestCase9, NO, 1787) (FSE_Bitvector_Mode_Adding_Subtracting_Zero_3_NT_Loop0_TestCase8, NO, 1733) (FSE_Bitvector_Mode_Adding_Subtracting_Zero_3_NT_Loop0_TestCase10, NO, 1791) | Z7: correct | AA7: 0.8 | AB7: 4/5 | AC7: 1 | AD7: 5/5 | AE7: 0.9 | AF7: 9/10 | AG7: 224920 | AH7: 24991.11 | AI7: 1787 | AJ7: (FSE_Bitvector_Mode_Adding_Subtracting_Zero_3_NT_Loop75_TestCase9, NO, 1777) (FSE_Bitvector_Mode_Adding_Subtracting_Zero_3_NT_Loop75_TestCase8, NO, 1803) (FSE_Bitvector_Mode_Adding_Subtracting_Zero_3_NT_Loop75_TestCase10, NO, 2099) (FSE_Bitvector_Mode_Adding_Subtracting_Zero_3_NT_Loop40_TestCase2, YES, 1760) (FSE_Bitvector_Mode_Adding_Subtracting_Zero_3_NT_Loop40_TestCase3, YES, 2008) (FSE_Bitvector_Mode_Adding_Subtracting_Zero_3_NT_Loop40_TestCase1, YES, 1756) (FSE_Bitvector_Mode_Adding_Subtracting_Zero_3_NT_Loop40_TestCase4, TIMEOUT, 301743) (FSE_Bitvector_Mode_Adding_Subtracting_Zero_3_NT_Loop40_TestCase5, TIMEOUT, 301721) (FSE_Bitvector_Mode_Adding_Subtracting_Zero_3_NT_Loop40_TestCase7, NO, 1766) (FSE_Bitvector_Mode_Adding_Subtracting_Zero_3_NT_Loop40_TestCase6, NO, 1950) (FSE_Bitvector_Mode_Adding_Subtracting_Zero_3_NT_Loop40_TestCase8, NO, 1799) (FSE_Bitvector_Mode_Adding_Subtracting_Zero_3_NT_Loop40_TestCase9, NO, 1788) (FSE_Bitvector_Mode_Adding_Subtracting_Zero_3_NT_Loop75_TestCase5, TIMEOUT, 301955) (FSE_Bitvector_Mode_Adding_Subtracting_Zero_3_NT_Loop75_TestCase4, TIMEOUT, 301727) (FSE_Bitvector_Mode_Adding_Subtracting_Zero_3_NT_Loop75_TestCase6, NO, 1738) (FSE_Bitvector_Mode_Adding_Subtracting_Zero_3_NT_Loop75_TestCase7, NO, 1792) (FSE_Bitvector_Mode_Adding_Subtracting_Zero_3_NT_Loop75_TestCase3, YES, 2145) (FSE_Bitvector_Mode_Adding_Subtracting_Zero_3_NT_Loop75_TestCase2, YES, 1783) (FSE_Bitvector_Mode_Adding_Subtracting_Zero_3_NT_Loop40_TestCase10, NO, 1781) (FSE_Bitvector_Mode_Adding_Subtracting_Zero_3_NT_Loop75_TestCase1, YES, 1943) | AK7: correct | AL7: 0.6 | AM7: 6/10 | AN7: 1 | AO7: 9/9 | AP7: 0.75 | AQ7: 15/20 | AR7: 27589 | AS7: 1839.27 | AT7: 1788
B8: Adding_Subtracting_Zero_3_T.c | C8: (FSE_Bitvector_Mode_Adding_Subtracting_Zero_3_T_Loop0_TestCase0, TIMEOUT, 302032) | D8: correct | E8: 0 | F8: 0/1 | I8: 0 | J8: 0/1 | K8: 0 | L8: 0 | M8: 0 | N8: (FSE_Bitvector_Mode_Adding_Subtracting_Zero_3_T_Loop37_TestCase0, TIMEOUT, 302060) (FSE_Bitvector_Mode_Adding_Subtracting_Zero_3_T_Loop72_TestCase0, TIMEOUT, 302038) | O8: correct | P8: 0 | Q8: 0/2 | T8: 0 | U8: 0/2 | V8: 0 | W8: 0 | X8: 0 | Y8: (FSE_Bitvector_Mode_Adding_Subtracting_Zero_3_T_Loop0_TestCase1, YES, 1772) (FSE_Bitvector_Mode_Adding_Subtracting_Zero_3_T_Loop0_TestCase3, YES, 2310) (FSE_Bitvector_Mode_Adding_Subtracting_Zero_3_T_Loop0_TestCase2, YES, 1801) (FSE_Bitvector_Mode_Adding_Subtracting_Zero_3_T_Loop0_TestCase6, YES, 1880) (FSE_Bitvector_Mode_Adding_Subtracting_Zero_3_T_Loop0_TestCase7, YES, 1886) (FSE_Bitvector_Mode_Adding_Subtracting_Zero_3_T_Loop0_TestCase5, TIMEOUT, 301676) (FSE_Bitvector_Mode_Adding_Subtracting_Zero_3_T_Loop0_TestCase4, TIMEOUT, 301840) (FSE_Bitvector_Mode_Adding_Subtracting_Zero_3_T_Loop0_TestCase9, YES, 2099) (FSE_Bitvector_Mode_Adding_Subtracting_Zero_3_T_Loop0_TestCase8, YES, 1876) (FSE_Bitvector_Mode_Adding_Subtracting_Zero_3_T_Loop0_TestCase10, YES, 1892) | Z8: correct | AA8: 0.8 | AB8: 8/10 | AE8: 0.8 | AF8: 8/10 | AG8: 15516 | AH8: 1939.5 | AI8: 1883 | AJ8: (FSE_Bitvector_Mode_Adding_Subtracting_Zero_3_T_Loop37_TestCase3, YES, 2196) (FSE_Bitvector_Mode_Adding_Subtracting_Zero_3_T_Loop37_TestCase2, YES, 1811) (FSE_Bitvector_Mode_Adding_Subtracting_Zero_3_T_Loop37_TestCase1, YES, 1818) (FSE_Bitvector_Mode_Adding_Subtracting_Zero_3_T_Loop37_TestCase5, TIMEOUT, 302012) (FSE_Bitvector_Mode_Adding_Subtracting_Zero_3_T_Loop37_TestCase4, TIMEOUT, 301779) (FSE_Bitvector_Mode_Adding_Subtracting_Zero_3_T_Loop37_TestCase6, YES, 1824) (FSE_Bitvector_Mode_Adding_Subtracting_Zero_3_T_Loop37_TestCase7, YES, 1790) (FSE_Bitvector_Mode_Adding_Subtracting_Zero_3_T_Loop72_TestCase8, YES, 1897) (FSE_Bitvector_Mode_Adding_Subtracting_Zero_3_T_Loop72_TestCase9, YES, 1915) (FSE_Bitvector_Mode_Adding_Subtracting_Zero_3_T_Loop72_TestCase10, YES, 2010) (FSE_Bitvector_Mode_Adding_Subtracting_Zero_3_T_Loop72_TestCase7, YES, 2193) (FSE_Bitvector_Mode_Adding_Subtracting_Zero_3_T_Loop72_TestCase6, YES, 2210) (FSE_Bitvector_Mode_Adding_Subtracting_Zero_3_T_Loop72_TestCase4, TIMEOUT, 301929) (FSE_Bitvector_Mode_Adding_Subtracting_Zero_3_T_Loop72_TestCase5, TIMEOUT, 301746) (FSE_Bitvector_Mode_Adding_Subtracting_Zero_3_T_Loop37_TestCase10, YES, 1988) (FSE_Bitvector_Mode_Adding_Subtracting_Zero_3_T_Loop72_TestCase1, YES, 1865) (FSE_Bitvector_Mode_Adding_Subtracting_Zero_3_T_Loop72_TestCase2, YES, 1817) (FSE_Bitvector_Mode_Adding_Subtracting_Zero_3_T_Loop72_TestCase3, YES, 4378) (FSE_Bitvector_Mode_Adding_Subtracting_Zero_3_T_Loop37_TestCase9, YES, 1864) (FSE_Bitvector_Mode_Adding_Subtracting_Zero_3_T_Loop37_TestCase8, YES, 1816) | AK8: correct | AL8: 0.8 | AM8: 16/20 | AP8: 0.8 | AQ8: 16/20 | AR8: 33392 | AS8: 2087 | AT8: 1881
B9: Adding_Subtracting_Zero_4_NT.c | C9: (FSE_Bitvector_Mode_Adding_Subtracting_Zero_4_NT_Loop0_TestCase0, NO, 50487) | D9: correct | E9: 0 | F9: 0/0 | G9: 1 | H9: 1/1 | I9: 1 | J9: 1/1 | K9: 50487 | L9: 50487 | M9: 50487 | N9: (FSE_Bitvector_Mode_Adding_Subtracting_Zero_4_NT_Loop50_TestCase0, TIMEOUT, 302099) (FSE_Bitvector_Mode_Adding_Subtracting_Zero_4_NT_Loop16_TestCase0, TIMEOUT, 302078) | O9: correct | P9: 0 | Q9: 0/0 | R9: 0 | S9: 0/2 | T9: 0 | U9: 0/2 | V9: 0 | W9: 0 | X9: 0 | Y9: (FSE_Bitvector_Mode_Adding_Subtracting_Zero_4_NT_Loop0_TestCase1, YES, 1778) (FSE_Bitvector_Mode_Adding_Subtracting_Zero_4_NT_Loop0_TestCase3, YES, 19819) (FSE_Bitvector_Mode_Adding_Subtracting_Zero_4_NT_Loop0_TestCase2, YES, 1747) (FSE_Bitvector_Mode_Adding_Subtracting_Zero_4_NT_Loop0_TestCase6, NO, 1741) (FSE_Bitvector_Mode_Adding_Subtracting_Zero_4_NT_Loop0_TestCase7, NO, 1892) (FSE_Bitvector_Mode_Adding_Subtracting_Zero_4_NT_Loop0_TestCase5, YES, 16230) (FSE_Bitvector_Mode_Adding_Subtracting_Zero_4_NT_Loop0_TestCase4, YES, 46273) (FSE_Bitvector_Mode_Adding_Subtracting_Zero_4_NT_Loop0_TestCase9, NO, 1772) (FSE_Bitvector_Mode_Adding_Subtracting_Zero_4_NT_Loop0_TestCase8, NO, 1753) (FSE_Bitvector_Mode_Adding_Subtracting_Zero_4_NT_Loop0_TestCase10, NO, 1752) | Z9: correct | AA9: 1 | AB9: 5/5 | AC9: 1 | AD9: 5/5 | AE9: 1 | AF9: 10/10 | AG9: 94757 | AH9: 9475.7 | AI9: 1775 | AJ9: (FSE_Bitvector_Mode_Adding_Subtracting_Zero_4_NT_Loop50_TestCase4, YES, 116678) (FSE_Bitvector_Mode_Adding_Subtracting_Zero_4_NT_Loop50_TestCase5, YES, 48537) (FSE_Bitvector_Mode_Adding_Subtracting_Zero_4_NT_Loop50_TestCase7, NO, 2076) (FSE_Bitvector_Mode_Adding_Subtracting_Zero_4_NT_Loop50_TestCase6, NO, 1852) (FSE_Bitvector_Mode_Adding_Subtracting_Zero_4_NT_Loop50_TestCase2, YES, 1792) (FSE_Bitvector_Mode_Adding_Subtracting_Zero_4_NT_Loop50_TestCase10, NO, 1970) (FSE_Bitvector_Mode_Adding_Subtracting_Zero_4_NT_Loop50_TestCase3, YES, 19125) (FSE_Bitvector_Mode_Adding_Subtracting_Zero_4_NT_Loop50_TestCase1, YES, 1796) (FSE_Bitvector_Mode_Adding_Subtracting_Zero_4_NT_Loop16_TestCase9, NO, 2117) (FSE_Bitvector_Mode_Adding_Subtracting_Zero_4_NT_Loop16_TestCase8, NO, 2093) (FSE_Bitvector_Mode_Adding_Subtracting_Zero_4_NT_Loop16_TestCase5, TIMEOUT, 301728) (FSE_Bitvector_Mode_Adding_Subtracting_Zero_4_NT_Loop16_TestCase4, YES, 30315) (FSE_Bitvector_Mode_Adding_Subtracting_Zero_4_NT_Loop16_TestCase10, NO, 2180) (FSE_Bitvector_Mode_Adding_Subtracting_Zero_4_NT_Loop16_TestCase6, NO, 1835) (FSE_Bitvector_Mode_Adding_Subtracting_Zero_4_NT_Loop16_TestCase7, NO, 2151) (FSE_Bitvector_Mode_Adding_Subtracting_Zero_4_NT_Loop16_TestCase3, YES, 14038) (FSE_Bitvector_Mode_Adding_Subtracting_Zero_4_NT_Loop16_TestCase2, YES, 1750) (FSE_Bitvector_Mode_Adding_Subtracting_Zero_4_NT_Loop16_TestCase1, YES, 1813) (FSE_Bitvector_Mode_Adding_Subtracting_Zero_4_NT_Loop50_TestCase8, NO, 2116) (FSE_Bitvector_Mode_Adding_Subtracting_Zero_4_NT_Loop50_TestCase9, NO, 1791) | AK9: correct | AL9: 0.9 | AM9: 9/10 | AN9: 1 | AO9: 10/10 | AP9: 0.95 | AQ9: 19/20 | AR9: 256025 | AS9: 13475 | AT9: 2093
B10: Adding_Subtracting_Zero_4_T.c | C10: (FSE_Bitvector_Mode_Adding_Subtracting_Zero_4_T_Loop0_TestCase0, TIMEOUT, 302142) | D10: correct | E10: 0 | F10: 0/1 | I10: 0 | J10: 0/1 | K10: 0 | L10: 0 | M10: 0 | N10: (FSE_Bitvector_Mode_Adding_Subtracting_Zero_4_T_Loop16_TestCase0, TIMEOUT, 301970) (FSE_Bitvector_Mode_Adding_Subtracting_Zero_4_T_Loop51_TestCase0, TIMEOUT, 302016) | O10: correct | P10: 0 | Q10: 0/2 | T10: 0 | U10: 0/2 | V10: 0 | W10: 0 | X10: 0 | Y10: (FSE_Bitvector_Mode_Adding_Subtracting_Zero_4_T_Loop0_TestCase8, YES, 7726) (FSE_Bitvector_Mode_Adding_Subtracting_Zero_4_T_Loop0_TestCase9, YES, 11130) (FSE_Bitvector_Mode_Adding_Subtracting_Zero_4_T_Loop0_TestCase7, YES, 25459) (FSE_Bitvector_Mode_Adding_Subtracting_Zero_4_T_Loop0_TestCase6, YES, 8583) (FSE_Bitvector_Mode_Adding_Subtracting_Zero_4_T_Loop0_TestCase4, TIMEOUT, 301740) (FSE_Bitvector_Mode_Adding_Subtracting_Zero_4_T_Loop0_TestCase5, TIMEOUT, 301731) (FSE_Bitvector_Mode_Adding_Subtracting_Zero_4_T_Loop0_TestCase1, YES, 1945) (FSE_Bitvector_Mode_Adding_Subtracting_Zero_4_T_Loop0_TestCase10, YES, 14542) (FSE_Bitvector_Mode_Adding_Subtracting_Zero_4_T_Loop0_TestCase2, YES, 1792) (FSE_Bitvector_Mode_Adding_Subtracting_Zero_4_T_Loop0_TestCase3, YES, 62647) | Z10: correct | AA10: 0.8 | AB10: 8/10 | AE10: 0.8 | AF10: 8/10 | AG10: 133824 | AH10: 16728 | AI10: 9856.5 | AJ10: (FSE_Bitvector_Mode_Adding_Subtracting_Zero_4_T_Loop16_TestCase10, YES, 19334) (FSE_Bitvector_Mode_Adding_Subtracting_Zero_4_T_Loop51_TestCase8, YES, 51520) (FSE_Bitvector_Mode_Adding_Subtracting_Zero_4_T_Loop51_TestCase9, YES, 18988) (FSE_Bitvector_Mode_Adding_Subtracting_Zero_4_T_Loop16_TestCase8, YES, 10413) (FSE_Bitvector_Mode_Adding_Subtracting_Zero_4_T_Loop16_TestCase9, YES, 10502) (FSE_Bitvector_Mode_Adding_Subtracting_Zero_4_T_Loop16_TestCase2, YES, 1825) (FSE_Bitvector_Mode_Adding_Subtracting_Zero_4_T_Loop16_TestCase3, YES, 15376) (FSE_Bitvector_Mode_Adding_Subtracting_Zero_4_T_Loop16_TestCase1, YES, 2106) (FSE_Bitvector_Mode_Adding_Subtracting_Zero_4_T_Loop16_TestCase4, YES, 151966) (FSE_Bitvector_Mode_Adding_Subtracting_Zero_4_T_Loop16_TestCase5, TIMEOUT, 301772) (FSE_Bitvector_Mode_Adding_Subtracting_Zero_4_T_Loop51_TestCase10, YES, 16230) (FSE_Bitvector_Mode_Adding_Subtracting_Zero_4_T_Loop16_TestCase7, YES, 17018) (FSE_Bitvector_Mode_Adding_Subtracting_Zero_4_T_Loop16_TestCase6, YES, 6960) (FSE_Bitvector_Mode_Adding_Subtracting_Zero_4_T_Loop51_TestCase4, TIMEOUT, 301801) (FSE_Bitvector_Mode_Adding_Subtracting_Zero_4_T_Loop51_TestCase5, TIMEOUT, 301757) (FSE_Bitvector_Mode_Adding_Subtracting_Zero_4_T_Loop51_TestCase7, YES, 14042) (FSE_Bitvector_Mode_Adding_Subtracting_Zero_4_T_Loop51_TestCase6, YES, 5527) (FSE_Bitvector_Mode_Adding_Subtracting_Zero_4_T_Loop51_TestCase2, YES, 1857) (FSE_Bitvector_Mode_Adding_Subtracting_Zero_4_T_Loop51_TestCase3, YES, 51987) (FSE_Bitvector_Mode_Adding_Subtracting_Zero_4_T_Loop51_TestCase1, YES, 1790) | AK10: correct | AL10: 0.85 | AM10: 17/20 | AP10: 0.85 | AQ10: 17/20 | AR10: 397441 | AS10: 23378.88 | AT10: 14042
B11: Adding_Subtracting_Zero_5_NT.c | C11: (FSE_Bitvector_Mode_Adding_Subtracting_Zero_5_NT_Loop0_TestCase0, NO, 2684) | D11: correct | E11: 0 | F11: 0/0 | G11: 1 | H11: 1/1 | I11: 1 | J11: 1/1 | K11: 2684 | L11: 2684 | M11: 2684 | N11: (FSE_Bitvector_Mode_Adding_Subtracting_Zero_5_NT_Loop38_TestCase0, MAYBE, 1729) (FSE_Bitvector_Mode_Adding_Subtracting_Zero_5_NT_Loop21_TestCase0, MAYBE, 1373) | O11: correct | P11: 0 | Q11: 0/1 | R11: 0 | S11: 0/1 | T11: 0 | U11: 0/2 | V11: 0 | W11: 0 | X11: 0 | Y11: (FSE_Bitvector_Mode_Adding_Subtracting_Zero_5_NT_Loop0_TestCase4, YES, 2133) (FSE_Bitvector_Mode_Adding_Subtracting_Zero_5_NT_Loop0_TestCase5, YES, 1955) (FSE_Bitvector_Mode_Adding_Subtracting_Zero_5_NT_Loop0_TestCase7, TIMEOUT, 302020) (FSE_Bitvector_Mode_Adding_Subtracting_Zero_5_NT_Loop0_TestCase6, NO, 2320) (FSE_Bitvector_Mode_Adding_Subtracting_Zero_5_NT_Loop0_TestCase2, YES, 2154) (FSE_Bitvector_Mode_Adding_Subtracting_Zero_5_NT_Loop0_TestCase3, YES, 1956) (FSE_Bitvector_Mode_Adding_Subtracting_Zero_5_NT_Loop0_TestCase1, YES, 1979) (FSE_Bitvector_Mode_Adding_Subtracting_Zero_5_NT_Loop0_TestCase10, TIMEOUT, 301885) (FSE_Bitvector_Mode_Adding_Subtracting_Zero_5_NT_Loop0_TestCase8, TIMEOUT, 302017) (FSE_Bitvector_Mode_Adding_Subtracting_Zero_5_NT_Loop0_TestCase9, TIMEOUT, 301842) | Z11: correct | AA11: 1 | AB11: 5/5 | AC11: 0.2 | AD11: 1/5 | AE11: 0.6 | AF11: 6/10 | AG11: 12497 | AH11: 2082.83 | AI11: 2056 | AJ11: (FSE_Bitvector_Mode_Adding_Subtracting_Zero_5_NT_Loop38_TestCase1, MAYBE, 1494) (FSE_Bitvector_Mode_Adding_Subtracting_Zero_5_NT_Loop38_TestCase2, MAYBE, 1502) (FSE_Bitvector_Mode_Adding_Subtracting_Zero_5_NT_Loop38_TestCase10, MAYBE, 1716) (FSE_Bitvector_Mode_Adding_Subtracting_Zero_5_NT_Loop38_TestCase3, MAYBE, 1517) (FSE_Bitvector_Mode_Adding_Subtracting_Zero_5_NT_Loop38_TestCase7, MAYBE, 1540) (FSE_Bitvector_Mode_Adding_Subtracting_Zero_5_NT_Loop38_TestCase6, MAYBE, 1525) (FSE_Bitvector_Mode_Adding_Subtracting_Zero_5_NT_Loop38_TestCase4, MAYBE, 1496) (FSE_Bitvector_Mode_Adding_Subtracting_Zero_5_NT_Loop38_TestCase5, MAYBE, 1519) (FSE_Bitvector_Mode_Adding_Subtracting_Zero_5_NT_Loop21_TestCase4, MAYBE, 1353) (FSE_Bitvector_Mode_Adding_Subtracting_Zero_5_NT_Loop21_TestCase10, MAYBE, 1417) (FSE_Bitvector_Mode_Adding_Subtracting_Zero_5_NT_Loop21_TestCase5, MAYBE, 1337) (FSE_Bitvector_Mode_Adding_Subtracting_Zero_5_NT_Loop21_TestCase7, MAYBE, 1333) (FSE_Bitvector_Mode_Adding_Subtracting_Zero_5_NT_Loop21_TestCase6, MAYBE, 1343) (FSE_Bitvector_Mode_Adding_Subtracting_Zero_5_NT_Loop21_TestCase2, MAYBE, 1323) (FSE_Bitvector_Mode_Adding_Subtracting_Zero_5_NT_Loop21_TestCase3, MAYBE, 1348) (FSE_Bitvector_Mode_Adding_Subtracting_Zero_5_NT_Loop21_TestCase1, MAYBE, 1337) (FSE_Bitvector_Mode_Adding_Subtracting_Zero_5_NT_Loop21_TestCase8, MAYBE, 1318) (FSE_Bitvector_Mode_Adding_Subtracting_Zero_5_NT_Loop21_TestCase9, MAYBE, 1333) (FSE_Bitvector_Mode_Adding_Subtracting_Zero_5_NT_Loop38_TestCase8, MAYBE, 1512) (FSE_Bitvector_Mode_Adding_Subtracting_Zero_5_NT_Loop38_TestCase9, MAYBE, 1574) | AK11: correct | AL11: 0 | AM11: 0/15 | AN11: 0 | AO11: 0/5 | AP11: 0 | AQ11: 0/20 | AR11: 0 | AS11: 0 | AT11: 0 | AU11: Pointer + Structure
B12: Adding_Subtracting_Zero_5_T.c | C12: (FSE_Bitvector_Mode_Adding_Subtracting_Zero_5_T_Loop0_TestCase0, TIMEOUT, 302031) | D12: correct | E12: 0 | F12: 0/1 | I12: 0 | J12: 0/1 | K12: 0 | L12: 0 | M12: 0 | N12: (FSE_Bitvector_Mode_Adding_Subtracting_Zero_5_T_Loop21_TestCase0, MAYBE, 1400) (FSE_Bitvector_Mode_Adding_Subtracting_Zero_5_T_Loop38_TestCase0, MAYBE, 1573) | O12: correct | P12: 0 | Q12: 0/2 | T12: 0 | U12: 0/2 | V12: 0 | W12: 0 | X12: 0 | Y12: (FSE_Bitvector_Mode_Adding_Subtracting_Zero_5_T_Loop0_TestCase4, YES, 1982) (FSE_Bitvector_Mode_Adding_Subtracting_Zero_5_T_Loop0_TestCase5, YES, 2169) (FSE_Bitvector_Mode_Adding_Subtracting_Zero_5_T_Loop0_TestCase7, TIMEOUT, 302143) (FSE_Bitvector_Mode_Adding_Subtracting_Zero_5_T_Loop0_TestCase6, YES, 2063) (FSE_Bitvector_Mode_Adding_Subtracting_Zero_5_T_Loop0_TestCase2, YES, 2009) (FSE_Bitvector_Mode_Adding_Subtracting_Zero_5_T_Loop0_TestCase3, YES, 2108) (FSE_Bitvector_Mode_Adding_Subtracting_Zero_5_T_Loop0_TestCase1, YES, 1964) (FSE_Bitvector_Mode_Adding_Subtracting_Zero_5_T_Loop0_TestCase10, TIMEOUT, 301874) (FSE_Bitvector_Mode_Adding_Subtracting_Zero_5_T_Loop0_TestCase8, TIMEOUT, 301862) (FSE_Bitvector_Mode_Adding_Subtracting_Zero_5_T_Loop0_TestCase9, TIMEOUT, 302078) | Z12: correct | AA12: 0.6 | AB12: 6/10 | AE12: 0.6 | AF12: 6/10 | AG12: 12295 | AH12: 2049.17 | AI12: 2036 | AJ12: (FSE_Bitvector_Mode_Adding_Subtracting_Zero_5_T_Loop38_TestCase9, MAYBE, 1512) (FSE_Bitvector_Mode_Adding_Subtracting_Zero_5_T_Loop38_TestCase8, MAYBE, 1501) (FSE_Bitvector_Mode_Adding_Subtracting_Zero_5_T_Loop21_TestCase10, MAYBE, 1332) (FSE_Bitvector_Mode_Adding_Subtracting_Zero_5_T_Loop21_TestCase9, MAYBE, 1415) (FSE_Bitvector_Mode_Adding_Subtracting_Zero_5_T_Loop21_TestCase8, MAYBE, 1333) (FSE_Bitvector_Mode_Adding_Subtracting_Zero_5_T_Loop38_TestCase10, MAYBE, 1479) (FSE_Bitvector_Mode_Adding_Subtracting_Zero_5_T_Loop21_TestCase3, MAYBE, 1357) (FSE_Bitvector_Mode_Adding_Subtracting_Zero_5_T_Loop21_TestCase2, MAYBE, 1331) (FSE_Bitvector_Mode_Adding_Subtracting_Zero_5_T_Loop21_TestCase1, MAYBE, 1348) (FSE_Bitvector_Mode_Adding_Subtracting_Zero_5_T_Loop21_TestCase5, MAYBE, 1334) (FSE_Bitvector_Mode_Adding_Subtracting_Zero_5_T_Loop21_TestCase4, MAYBE, 1380) (FSE_Bitvector_Mode_Adding_Subtracting_Zero_5_T_Loop21_TestCase6, MAYBE, 1332) (FSE_Bitvector_Mode_Adding_Subtracting_Zero_5_T_Loop21_TestCase7, MAYBE, 1338) (FSE_Bitvector_Mode_Adding_Subtracting_Zero_5_T_Loop38_TestCase6, MAYBE, 1465) (FSE_Bitvector_Mode_Adding_Subtracting_Zero_5_T_Loop38_TestCase7, MAYBE, 1509) (FSE_Bitvector_Mode_Adding_Subtracting_Zero_5_T_Loop38_TestCase5, MAYBE, 1495) (FSE_Bitvector_Mode_Adding_Subtracting_Zero_5_T_Loop38_TestCase4, MAYBE, 1513) (FSE_Bitvector_Mode_Adding_Subtracting_Zero_5_T_Loop38_TestCase1, MAYBE, 1501) (FSE_Bitvector_Mode_Adding_Subtracting_Zero_5_T_Loop38_TestCase3, MAYBE, 1465) (FSE_Bitvector_Mode_Adding_Subtracting_Zero_5_T_Loop38_TestCase2, MAYBE, 1580) | AK12: correct | AL12: 0 | AM12: 0/20 | AP12: 0 | AQ12: 0/20 | AR12: 0 | AS12: 0 | AT12: 0 | AU12: Pointer + Structure
B13: Incorrect_Bit_Calculation_1_NT.c | C13: (FSE_Bitvector_Mode_Incorrect_Bit_Calculation_1_NT_Loop0_TestCase0, NO, 2060) | D13: correct | E13: 0 | F13: 0/0 | G13: 1 | H13: 1/1 | I13: 1 | J13: 1/1 | K13: 2060 | L13: 2060 | M13: 2060 | N13: (FSE_Bitvector_Mode_Incorrect_Bit_Calculation_1_NT_Loop15_TestCase0, NO, 1834) | O13: correct | P13: 0 | Q13: 0/0 | R13: 1 | S13: 1/1 | T13: 1 | U13: 1/1 | V13: 1834 | W13: 1834 | X13: 1834 | Y13: (FSE_Bitvector_Mode_Incorrect_Bit_Calculation_1_NT_Loop0_TestCase1, YES, 1692) (FSE_Bitvector_Mode_Incorrect_Bit_Calculation_1_NT_Loop0_TestCase2, YES, 1703) (FSE_Bitvector_Mode_Incorrect_Bit_Calculation_1_NT_Loop0_TestCase3, YES, 1714) (FSE_Bitvector_Mode_Incorrect_Bit_Calculation_1_NT_Loop0_TestCase7, NO, 1711) (FSE_Bitvector_Mode_Incorrect_Bit_Calculation_1_NT_Loop0_TestCase6, NO, 1718) (FSE_Bitvector_Mode_Incorrect_Bit_Calculation_1_NT_Loop0_TestCase10, NO, 1706) (FSE_Bitvector_Mode_Incorrect_Bit_Calculation_1_NT_Loop0_TestCase4, YES, 1705) (FSE_Bitvector_Mode_Incorrect_Bit_Calculation_1_NT_Loop0_TestCase5, YES, 1929) (FSE_Bitvector_Mode_Incorrect_Bit_Calculation_1_NT_Loop0_TestCase8, NO, 1699) (FSE_Bitvector_Mode_Incorrect_Bit_Calculation_1_NT_Loop0_TestCase9, NO, 1763) | Z13: correct | AA13: 1 | AB13: 5/5 | AC13: 1 | AD13: 5/5 | AE13: 1 | AF13: 10/10 | AG13: 17340 | AH13: 1734 | AI13: 1708.5 | AJ13: (FSE_Bitvector_Mode_Incorrect_Bit_Calculation_1_NT_Loop15_TestCase7, NO, 1875) (FSE_Bitvector_Mode_Incorrect_Bit_Calculation_1_NT_Loop15_TestCase6, NO, 1971) (FSE_Bitvector_Mode_Incorrect_Bit_Calculation_1_NT_Loop15_TestCase4, YES, 1723) (FSE_Bitvector_Mode_Incorrect_Bit_Calculation_1_NT_Loop15_TestCase5, YES, 2048) (FSE_Bitvector_Mode_Incorrect_Bit_Calculation_1_NT_Loop15_TestCase1, YES, 1719) (FSE_Bitvector_Mode_Incorrect_Bit_Calculation_1_NT_Loop15_TestCase2, YES, 1728) (FSE_Bitvector_Mode_Incorrect_Bit_Calculation_1_NT_Loop15_TestCase3, YES, 1715) (FSE_Bitvector_Mode_Incorrect_Bit_Calculation_1_NT_Loop15_TestCase10, NO, 1745) (FSE_Bitvector_Mode_Incorrect_Bit_Calculation_1_NT_Loop15_TestCase8, NO, 1734) (FSE_Bitvector_Mode_Incorrect_Bit_Calculation_1_NT_Loop15_TestCase9, NO, 1721) | AK13: correct | AL13: 1 | AM13: 5/5 | AN13: 1 | AO13: 5/5 | AP13: 1 | AQ13: 10/10 | AR13: 17979 | AS13: 1797.9 | AT13: 1731 | AU13: Bit Calculation
B14: Incorrect_Bit_Calculation_1_T.c | C14: (FSE_Bitvector_Mode_Incorrect_Bit_Calculation_1_T_Loop0_TestCase0, YES, 1792) | D14: correct | E14: 1 | F14: 1/1 | I14: 1 | J14: 1/1 | K14: 1792 | L14: 1792 | M14: 1792 | N14: (FSE_Bitvector_Mode_Incorrect_Bit_Calculation_1_T_Loop14_TestCase0, YES, 1764) | O14: correct | P14: 1 | Q14: 1/1 | T14: 1 | U14: 1/1 | V14: 1764 | W14: 1764 | X14: 1764 | Y14: (FSE_Bitvector_Mode_Incorrect_Bit_Calculation_1_T_Loop0_TestCase6, YES, 1700) (FSE_Bitvector_Mode_Incorrect_Bit_Calculation_1_T_Loop0_TestCase7, YES, 1691) (FSE_Bitvector_Mode_Incorrect_Bit_Calculation_1_T_Loop0_TestCase5, YES, 1726) (FSE_Bitvector_Mode_Incorrect_Bit_Calculation_1_T_Loop0_TestCase4, YES, 1707) (FSE_Bitvector_Mode_Incorrect_Bit_Calculation_1_T_Loop0_TestCase1, YES, 1688) (FSE_Bitvector_Mode_Incorrect_Bit_Calculation_1_T_Loop0_TestCase3, YES, 1699) (FSE_Bitvector_Mode_Incorrect_Bit_Calculation_1_T_Loop0_TestCase2, YES, 1688) (FSE_Bitvector_Mode_Incorrect_Bit_Calculation_1_T_Loop0_TestCase9, YES, 1718) (FSE_Bitvector_Mode_Incorrect_Bit_Calculation_1_T_Loop0_TestCase8, YES, 1719) (FSE_Bitvector_Mode_Incorrect_Bit_Calculation_1_T_Loop0_TestCase10, YES, 1664) | Z14: correct | AA14: 1 | AB14: 10/10 | AE14: 1 | AF14: 10/10 | AG14: 17000 | AH14: 1700 | AI14: 1699.5 | AJ14: (FSE_Bitvector_Mode_Incorrect_Bit_Calculation_1_T_Loop14_TestCase1, YES, 1840) (FSE_Bitvector_Mode_Incorrect_Bit_Calculation_1_T_Loop14_TestCase2, YES, 1747) (FSE_Bitvector_Mode_Incorrect_Bit_Calculation_1_T_Loop14_TestCase3, YES, 1721) (FSE_Bitvector_Mode_Incorrect_Bit_Calculation_1_T_Loop14_TestCase7, YES, 1722) (FSE_Bitvector_Mode_Incorrect_Bit_Calculation_1_T_Loop14_TestCase6, YES, 1727) (FSE_Bitvector_Mode_Incorrect_Bit_Calculation_1_T_Loop14_TestCase4, YES, 1967) (FSE_Bitvector_Mode_Incorrect_Bit_Calculation_1_T_Loop14_TestCase5, YES, 1741) (FSE_Bitvector_Mode_Incorrect_Bit_Calculation_1_T_Loop14_TestCase8, YES, 1715) (FSE_Bitvector_Mode_Incorrect_Bit_Calculation_1_T_Loop14_TestCase9, YES, 1714) (FSE_Bitvector_Mode_Incorrect_Bit_Calculation_1_T_Loop14_TestCase10, YES, 1718) | AK14: correct | AL14: 1 | AM14: 10/10 | AP14: 1 | AQ14: 10/10 | AR14: 17612 | AS14: 1761.2 | AT14: 1724.5 | AU14: Bit Calculation
B15: Incorrect_Bit_Calculation_2_NT.c | C15: (FSE_Bitvector_Mode_Incorrect_Bit_Calculation_2_NT_Loop0_TestCase0, NO, 1805) | D15: correct | E15: 0 | F15: 0/0 | G15: 1 | H15: 1/1 | I15: 1 | J15: 1/1 | K15: 1805 | L15: 1805 | M15: 1805 | N15: (FSE_Bitvector_Mode_Incorrect_Bit_Calculation_2_NT_Loop20_TestCase0, NO, 1789) | O15: correct | P15: 0 | Q15: 0/0 | R15: 1 | S15: 1/1 | T15: 1 | U15: 1/1 | V15: 1789 | W15: 1789 | X15: 1789 | Y15: (FSE_Bitvector_Mode_Incorrect_Bit_Calculation_2_NT_Loop0_TestCase10, NO, 1742) (FSE_Bitvector_Mode_Incorrect_Bit_Calculation_2_NT_Loop0_TestCase4, YES, 6442) (FSE_Bitvector_Mode_Incorrect_Bit_Calculation_2_NT_Loop0_TestCase5, YES, 1732) (FSE_Bitvector_Mode_Incorrect_Bit_Calculation_2_NT_Loop0_TestCase7, NO, 1724) (FSE_Bitvector_Mode_Incorrect_Bit_Calculation_2_NT_Loop0_TestCase6, NO, 1707) (FSE_Bitvector_Mode_Incorrect_Bit_Calculation_2_NT_Loop0_TestCase2, YES, 1740) (FSE_Bitvector_Mode_Incorrect_Bit_Calculation_2_NT_Loop0_TestCase3, YES, 2966) (FSE_Bitvector_Mode_Incorrect_Bit_Calculation_2_NT_Loop0_TestCase1, YES, 1722) (FSE_Bitvector_Mode_Incorrect_Bit_Calculation_2_NT_Loop0_TestCase8, NO, 1734) (FSE_Bitvector_Mode_Incorrect_Bit_Calculation_2_NT_Loop0_TestCase9, NO, 1733) | Z15: correct | AA15: 1 | AB15: 5/5 | AC15: 1 | AD15: 5/5 | AE15: 1 | AF15: 10/10 | AG15: 23242 | AH15: 2324.2 | AI15: 1733.5 | AJ15: (FSE_Bitvector_Mode_Incorrect_Bit_Calculation_2_NT_Loop20_TestCase9, NO, 1743) (FSE_Bitvector_Mode_Incorrect_Bit_Calculation_2_NT_Loop20_TestCase8, NO, 1783) (FSE_Bitvector_Mode_Incorrect_Bit_Calculation_2_NT_Loop20_TestCase5, YES, 1832) (FSE_Bitvector_Mode_Incorrect_Bit_Calculation_2_NT_Loop20_TestCase4, YES, 5089) (FSE_Bitvector_Mode_Incorrect_Bit_Calculation_2_NT_Loop20_TestCase6, NO, 1841) (FSE_Bitvector_Mode_Incorrect_Bit_Calculation_2_NT_Loop20_TestCase7, NO, 1760) (FSE_Bitvector_Mode_Incorrect_Bit_Calculation_2_NT_Loop20_TestCase3, YES, 3419) (FSE_Bitvector_Mode_Incorrect_Bit_Calculation_2_NT_Loop20_TestCase10, NO, 1823) (FSE_Bitvector_Mode_Incorrect_Bit_Calculation_2_NT_Loop20_TestCase2, YES, 1808) (FSE_Bitvector_Mode_Incorrect_Bit_Calculation_2_NT_Loop20_TestCase1, YES, 1827) | AK15: correct | AL15: 1 | AM15: 5/5 | AN15: 1 | AO15: 5/5 | AP15: 1 | AQ15: 10/10 | AR15: 22925 | AS15: 2292.5 | AT15: 1825 | AU15: Bit Calculation
B16: Incorrect_Bit_Calculation_2_T.c | C16: (FSE_Bitvector_Mode_Incorrect_Bit_Calculation_2_T_Loop0_TestCase0, YES, 21009) | D16: correct | E16: 1 | F16: 1/1 | I16: 1 | J16: 1/1 | K16: 21009 | L16: 21009 | M16: 21009 | N16: (FSE_Bitvector_Mode_Incorrect_Bit_Calculation_2_T_Loop16_TestCase0, YES, 6934) | O16: correct | P16: 1 | Q16: 1/1 | T16: 1 | U16: 1/1 | V16: 6934 | W16: 6934 | X16: 6934 | Y16: (FSE_Bitvector_Mode_Incorrect_Bit_Calculation_2_T_Loop0_TestCase8, YES, 1725) (FSE_Bitvector_Mode_Incorrect_Bit_Calculation_2_T_Loop0_TestCase9, YES, 1737) (FSE_Bitvector_Mode_Incorrect_Bit_Calculation_2_T_Loop0_TestCase2, YES, 1709) (FSE_Bitvector_Mode_Incorrect_Bit_Calculation_2_T_Loop0_TestCase3, YES, 2400) (FSE_Bitvector_Mode_Incorrect_Bit_Calculation_2_T_Loop0_TestCase10, YES, 1719) (FSE_Bitvector_Mode_Incorrect_Bit_Calculation_2_T_Loop0_TestCase1, YES, 1719) (FSE_Bitvector_Mode_Incorrect_Bit_Calculation_2_T_Loop0_TestCase4, YES, 5393) (FSE_Bitvector_Mode_Incorrect_Bit_Calculation_2_T_Loop0_TestCase5, YES, 1717) (FSE_Bitvector_Mode_Incorrect_Bit_Calculation_2_T_Loop0_TestCase7, YES, 1774) (FSE_Bitvector_Mode_Incorrect_Bit_Calculation_2_T_Loop0_TestCase6, YES, 1729) | Z16: correct | AA16: 1 | AB16: 10/10 | AE16: 1 | AF16: 10/10 | AG16: 21622 | AH16: 2162.2 | AI16: 1727 | AJ16: (FSE_Bitvector_Mode_Incorrect_Bit_Calculation_2_T_Loop16_TestCase9, YES, 1792) (FSE_Bitvector_Mode_Incorrect_Bit_Calculation_2_T_Loop16_TestCase8, YES, 1784) (FSE_Bitvector_Mode_Incorrect_Bit_Calculation_2_T_Loop16_TestCase6, YES, 1779) (FSE_Bitvector_Mode_Incorrect_Bit_Calculation_2_T_Loop16_TestCase7, YES, 1758) (FSE_Bitvector_Mode_Incorrect_Bit_Calculation_2_T_Loop16_TestCase5, YES, 1926) (FSE_Bitvector_Mode_Incorrect_Bit_Calculation_2_T_Loop16_TestCase4, YES, 3716) (FSE_Bitvector_Mode_Incorrect_Bit_Calculation_2_T_Loop16_TestCase1, YES, 1770) (FSE_Bitvector_Mode_Incorrect_Bit_Calculation_2_T_Loop16_TestCase3, YES, 2961) (FSE_Bitvector_Mode_Incorrect_Bit_Calculation_2_T_Loop16_TestCase2, YES, 1784) (FSE_Bitvector_Mode_Incorrect_Bit_Calculation_2_T_Loop16_TestCase10, YES, 1738) | AK16: correct | AL16: 1 | AM16: 10/10 | AP16: 1 | AQ16: 10/10 | AR16: 21008 | AS16: 2100.8 | AT16: 1784 | AU16: Bit Calculation
B17: Incorrect_Bit_Calculation_3_NT.c | C17: (FSE_Bitvector_Mode_Incorrect_Bit_Calculation_3_NT_Loop0_TestCase0, NO, 1917) | D17: correct | E17: 0 | F17: 0/0 | G17: 1 | H17: 1/1 | I17: 1 | J17: 1/1 | K17: 1917 | L17: 1917 | M17: 1917 | N17: (FSE_Bitvector_Mode_Incorrect_Bit_Calculation_3_NT_Loop18_TestCase0, NO, 1747) | O17: correct | P17: 0 | Q17: 0/0 | R17: 1 | S17: 1/1 | T17: 1 | U17: 1/1 | V17: 1747 | W17: 1747 | X17: 1747 | Y17: (FSE_Bitvector_Mode_Incorrect_Bit_Calculation_3_NT_Loop0_TestCase1, YES, 1660) (FSE_Bitvector_Mode_Incorrect_Bit_Calculation_3_NT_Loop0_TestCase3, YES, 1744) (FSE_Bitvector_Mode_Incorrect_Bit_Calculation_3_NT_Loop0_TestCase2, YES, 1690) (FSE_Bitvector_Mode_Incorrect_Bit_Calculation_3_NT_Loop0_TestCase6, NO, 1718) (FSE_Bitvector_Mode_Incorrect_Bit_Calculation_3_NT_Loop0_TestCase7, NO, 1697) (FSE_Bitvector_Mode_Incorrect_Bit_Calculation_3_NT_Loop0_TestCase5, YES, 1677) (FSE_Bitvector_Mode_Incorrect_Bit_Calculation_3_NT_Loop0_TestCase4, YES, 1705) (FSE_Bitvector_Mode_Incorrect_Bit_Calculation_3_NT_Loop0_TestCase10, NO, 1680) (FSE_Bitvector_Mode_Incorrect_Bit_Calculation_3_NT_Loop0_TestCase9, NO, 1686) (FSE_Bitvector_Mode_Incorrect_Bit_Calculation_3_NT_Loop0_TestCase8, NO, 1692) | Z17: correct | AA17: 1 | AB17: 5/5 | AC17: 1 | AD17: 5/5 | AE17: 1 | AF17: 10/10 | AG17: 16949 | AH17: 1694.9 | AI17: 1691 | AJ17: (FSE_Bitvector_Mode_Incorrect_Bit_Calculation_3_NT_Loop18_TestCase10, NO, 1811) (FSE_Bitvector_Mode_Incorrect_Bit_Calculation_3_NT_Loop18_TestCase9, NO, 1713) (FSE_Bitvector_Mode_Incorrect_Bit_Calculation_3_NT_Loop18_TestCase8, NO, 1696) (FSE_Bitvector_Mode_Incorrect_Bit_Calculation_3_NT_Loop18_TestCase6, NO, 1693) (FSE_Bitvector_Mode_Incorrect_Bit_Calculation_3_NT_Loop18_TestCase7, NO, 1724) (FSE_Bitvector_Mode_Incorrect_Bit_Calculation_3_NT_Loop18_TestCase5, YES, 1785) (FSE_Bitvector_Mode_Incorrect_Bit_Calculation_3_NT_Loop18_TestCase4, YES, 1700) (FSE_Bitvector_Mode_Incorrect_Bit_Calculation_3_NT_Loop18_TestCase1, YES, 1722) (FSE_Bitvector_Mode_Incorrect_Bit_Calculation_3_NT_Loop18_TestCase3, YES, 1725) (FSE_Bitvector_Mode_Incorrect_Bit_Calculation_3_NT_Loop18_TestCase2, YES, 1697) | AK17: correct | AL17: 1 | AM17: 5/5 | AN17: 1 | AO17: 5/5 | AP17: 1 | AQ17: 10/10 | AR17: 17266 | AS17: 1726.6 | AT17: 1717.5 | AU17: Bit Calculation
B18: Incorrect_Bit_Calculation_3_T.c | C18: (FSE_Bitvector_Mode_Incorrect_Bit_Calculation_3_T_Loop0_TestCase0, YES, 1810) | D18: correct | E18: 1 | F18: 1/1 | I18: 1 | J18: 1/1 | K18: 1810 | L18: 1810 | M18: 1810 | N18: (FSE_Bitvector_Mode_Incorrect_Bit_Calculation_3_T_Loop15_TestCase0, YES, 1748) | O18: correct | P18: 1 | Q18: 1/1 | T18: 1 | U18: 1/1 | V18: 1748 | W18: 1748 | X18: 1748 | Y18: (FSE_Bitvector_Mode_Incorrect_Bit_Calculation_3_T_Loop0_TestCase1, YES, 1718) (FSE_Bitvector_Mode_Incorrect_Bit_Calculation_3_T_Loop0_TestCase2, YES, 1674) (FSE_Bitvector_Mode_Incorrect_Bit_Calculation_3_T_Loop0_TestCase3, YES, 1715) (FSE_Bitvector_Mode_Incorrect_Bit_Calculation_3_T_Loop0_TestCase7, YES, 1723) (FSE_Bitvector_Mode_Incorrect_Bit_Calculation_3_T_Loop0_TestCase6, YES, 1709) (FSE_Bitvector_Mode_Incorrect_Bit_Calculation_3_T_Loop0_TestCase4, YES, 1752) (FSE_Bitvector_Mode_Incorrect_Bit_Calculation_3_T_Loop0_TestCase5, YES, 1679) (FSE_Bitvector_Mode_Incorrect_Bit_Calculation_3_T_Loop0_TestCase8, YES, 1708) (FSE_Bitvector_Mode_Incorrect_Bit_Calculation_3_T_Loop0_TestCase9, YES, 1709) (FSE_Bitvector_Mode_Incorrect_Bit_Calculation_3_T_Loop0_TestCase10, YES, 1708) | Z18: correct | AA18: 1 | AB18: 10/10 | AE18: 1 | AF18: 10/10 | AG18: 17095 | AH18: 1709.5 | AI18: 1709 | AJ18: (FSE_Bitvector_Mode_Incorrect_Bit_Calculation_3_T_Loop15_TestCase10, YES, 1813) (FSE_Bitvector_Mode_Incorrect_Bit_Calculation_3_T_Loop15_TestCase8, YES, 1738) (FSE_Bitvector_Mode_Incorrect_Bit_Calculation_3_T_Loop15_TestCase9, YES, 1743) (FSE_Bitvector_Mode_Incorrect_Bit_Calculation_3_T_Loop15_TestCase7, YES, 1787) (FSE_Bitvector_Mode_Incorrect_Bit_Calculation_3_T_Loop15_TestCase6, YES, 1746) (FSE_Bitvector_Mode_Incorrect_Bit_Calculation_3_T_Loop15_TestCase4, YES, 1760) (FSE_Bitvector_Mode_Incorrect_Bit_Calculation_3_T_Loop15_TestCase5, YES, 1863) (FSE_Bitvector_Mode_Incorrect_Bit_Calculation_3_T_Loop15_TestCase1, YES, 1726) (FSE_Bitvector_Mode_Incorrect_Bit_Calculation_3_T_Loop15_TestCase2, YES, 1765) (FSE_Bitvector_Mode_Incorrect_Bit_Calculation_3_T_Loop15_TestCase3, YES, 1742) | AK18: correct | AL18: 1 | AM18: 10/10 | AP18: 1 | AQ18: 10/10 | AR18: 17683 | AS18: 1768.3 | AT18: 1753 | AU18: Bit Calculation
B19: Incorrect_Control_Statement_1_NT.c | C19: (FSE_Bitvector_Mode_Incorrect_Control_Statement_1_NT_Loop0_TestCase0, TIMEOUT, 302329) | D19: correct | E19: 0 | F19: 0/0 | G19: 0 | H19: 0/1 | I19: 0 | J19: 0/1 | K19: 0 | L19: 0 | M19: 0 | N19: (FSE_Bitvector_Mode_Incorrect_Control_Statement_1_NT_Loop16_TestCase0, YES, 2189) (FSE_Bitvector_Mode_Incorrect_Control_Statement_1_NT_Loop20_TestCase0, TIMEOUT, 302231) | O19: correct | P19: 1 | Q19: 1/1 | R19: 0 | S19: 0/1 | T19: 0.5 | U19: 1/2 | V19: 2189 | W19: 2189 | X19: 2189 | Y19: (FSE_Bitvector_Mode_Incorrect_Control_Statement_1_NT_Loop0_TestCase10, MAYBE, 1608) (FSE_Bitvector_Mode_Incorrect_Control_Statement_1_NT_Loop0_TestCase2, MAYBE, 1670) (FSE_Bitvector_Mode_Incorrect_Control_Statement_1_NT_Loop0_TestCase3, MAYBE, 1626) (FSE_Bitvector_Mode_Incorrect_Control_Statement_1_NT_Loop0_TestCase1, MAYBE, 1665) (FSE_Bitvector_Mode_Incorrect_Control_Statement_1_NT_Loop0_TestCase4, MAYBE, 1630) (FSE_Bitvector_Mode_Incorrect_Control_Statement_1_NT_Loop0_TestCase5, MAYBE, 1623) (FSE_Bitvector_Mode_Incorrect_Control_Statement_1_NT_Loop0_TestCase7, MAYBE, 1615) (FSE_Bitvector_Mode_Incorrect_Control_Statement_1_NT_Loop0_TestCase6, MAYBE, 1608) (FSE_Bitvector_Mode_Incorrect_Control_Statement_1_NT_Loop0_TestCase8, MAYBE, 1613) (FSE_Bitvector_Mode_Incorrect_Control_Statement_1_NT_Loop0_TestCase9, MAYBE, 1624) | Z19: correct | AA19: 0 | AB19: 0/5 | AC19: 0 | AD19: 0/5 | AE19: 0 | AF19: 0/10 | AG19: 0 | AH19: 0 | AI19: 0 | AJ19: (FSE_Bitvector_Mode_Incorrect_Control_Statement_1_NT_Loop20_TestCase9, MAYBE, 1646) (FSE_Bitvector_Mode_Incorrect_Control_Statement_1_NT_Loop20_TestCase8, MAYBE, 1626) (FSE_Bitvector_Mode_Incorrect_Control_Statement_1_NT_Loop16_TestCase10, ERROR, 1679) (FSE_Bitvector_Mode_Incorrect_Control_Statement_1_NT_Loop16_TestCase2, YES, 1743) (FSE_Bitvector_Mode_Incorrect_Control_Statement_1_NT_Loop16_TestCase3, ERROR, 1665) (FSE_Bitvector_Mode_Incorrect_Control_Statement_1_NT_Loop16_TestCase1, ERROR, 1707) (FSE_Bitvector_Mode_Incorrect_Control_Statement_1_NT_Loop16_TestCase4, ERROR, 1655) (FSE_Bitvector_Mode_Incorrect_Control_Statement_1_NT_Loop16_TestCase5, ERROR, 1631) (FSE_Bitvector_Mode_Incorrect_Control_Statement_1_NT_Loop16_TestCase7, ERROR, 1705) (FSE_Bitvector_Mode_Incorrect_Control_Statement_1_NT_Loop16_TestCase6, ERROR, 1678) (FSE_Bitvector_Mode_Incorrect_Control_Statement_1_NT_Loop16_TestCase8, YES, 1755) (FSE_Bitvector_Mode_Incorrect_Control_Statement_1_NT_Loop16_TestCase9, YES, 1837) (FSE_Bitvector_Mode_Incorrect_Control_Statement_1_NT_Loop20_TestCase10, MAYBE, 1659) (FSE_Bitvector_Mode_Incorrect_Control_Statement_1_NT_Loop20_TestCase1, MAYBE, 1644) (FSE_Bitvector_Mode_Incorrect_Control_Statement_1_NT_Loop20_TestCase3, MAYBE, 1641) (FSE_Bitvector_Mode_Incorrect_Control_Statement_1_NT_Loop20_TestCase2, MAYBE, 1626) (FSE_Bitvector_Mode_Incorrect_Control_Statement_1_NT_Loop20_TestCase6, MAYBE, 1667) (FSE_Bitvector_Mode_Incorrect_Control_Statement_1_NT_Loop20_TestCase7, MAYBE, 1623) (FSE_Bitvector_Mode_Incorrect_Control_Statement_1_NT_Loop20_TestCase5, MAYBE, 1683) (FSE_Bitvector_Mode_Incorrect_Control_Statement_1_NT_Loop20_TestCase4, MAYBE, 1683) | AK19: correct | AL19: 0.2 | AM19: 3/15 | AN19: 0 | AO19: 0/5 | AP19: 0.15 | AQ19: 3/20 | AR19: 5335 | AS19: 1778.33 | AT19: 1755 | AU19: Pointer + Array
B20: Incorrect_Control_Statement_1_T.c | C20: (FSE_Bitvector_Mode_Incorrect_Control_Statement_1_T_Loop0_TestCase0, TIMEOUT, 302544) | D20: correct | E20: 0 | F20: 0/1 | I20: 0 | J20: 0/1 | K20: 0 | L20: 0 | M20: 0 | N20: (FSE_Bitvector_Mode_Incorrect_Control_Statement_1_T_Loop14_TestCase0, YES, 2167) (FSE_Bitvector_Mode_Incorrect_Control_Statement_1_T_Loop18_TestCase0, TIMEOUT, 302260) | O20: correct | P20: 0.5 | Q20: 1/2 | T20: 0.5 | U20: 1/2 | V20: 2167 | W20: 2167 | X20: 2167 | Y20: (FSE_Bitvector_Mode_Incorrect_Control_Statement_1_T_Loop0_TestCase8, MAYBE, 1607) (FSE_Bitvector_Mode_Incorrect_Control_Statement_1_T_Loop0_TestCase9, MAYBE, 1601) (FSE_Bitvector_Mode_Incorrect_Control_Statement_1_T_Loop0_TestCase7, MAYBE, 1652) (FSE_Bitvector_Mode_Incorrect_Control_Statement_1_T_Loop0_TestCase6, MAYBE, 1646) (FSE_Bitvector_Mode_Incorrect_Control_Statement_1_T_Loop0_TestCase4, MAYBE, 1627) (FSE_Bitvector_Mode_Incorrect_Control_Statement_1_T_Loop0_TestCase5, MAYBE, 1630) (FSE_Bitvector_Mode_Incorrect_Control_Statement_1_T_Loop0_TestCase1, MAYBE, 1608) (FSE_Bitvector_Mode_Incorrect_Control_Statement_1_T_Loop0_TestCase10, MAYBE, 1622) (FSE_Bitvector_Mode_Incorrect_Control_Statement_1_T_Loop0_TestCase2, MAYBE, 1643) (FSE_Bitvector_Mode_Incorrect_Control_Statement_1_T_Loop0_TestCase3, MAYBE, 1642) | Z20: correct | AA20: 0 | AB20: 0/10 | AE20: 0 | AF20: 0/10 | AG20: 0 | AH20: 0 | AI20: 0 | AJ20: (FSE_Bitvector_Mode_Incorrect_Control_Statement_1_T_Loop18_TestCase9, MAYBE, 1678) (FSE_Bitvector_Mode_Incorrect_Control_Statement_1_T_Loop18_TestCase8, MAYBE, 1643) (FSE_Bitvector_Mode_Incorrect_Control_Statement_1_T_Loop14_TestCase2, YES, 1769) (FSE_Bitvector_Mode_Incorrect_Control_Statement_1_T_Loop14_TestCase3, ERROR, 1787) (FSE_Bitvector_Mode_Incorrect_Control_Statement_1_T_Loop14_TestCase1, ERROR, 1684) (FSE_Bitvector_Mode_Incorrect_Control_Statement_1_T_Loop14_TestCase4, ERROR, 1674) (FSE_Bitvector_Mode_Incorrect_Control_Statement_1_T_Loop14_TestCase5, ERROR, 1617) (FSE_Bitvector_Mode_Incorrect_Control_Statement_1_T_Loop14_TestCase7, ERROR, 1645) (FSE_Bitvector_Mode_Incorrect_Control_Statement_1_T_Loop14_TestCase6, ERROR, 1655) (FSE_Bitvector_Mode_Incorrect_Control_Statement_1_T_Loop14_TestCase8, YES, 1914) (FSE_Bitvector_Mode_Incorrect_Control_Statement_1_T_Loop14_TestCase9, YES, 1723) (FSE_Bitvector_Mode_Incorrect_Control_Statement_1_T_Loop14_TestCase10, ERROR, 1659) (FSE_Bitvector_Mode_Incorrect_Control_Statement_1_T_Loop18_TestCase5, MAYBE, 1669) (FSE_Bitvector_Mode_Incorrect_Control_Statement_1_T_Loop18_TestCase4, MAYBE, 1668) (FSE_Bitvector_Mode_Incorrect_Control_Statement_1_T_Loop18_TestCase6, MAYBE, 1660) (FSE_Bitvector_Mode_Incorrect_Control_Statement_1_T_Loop18_TestCase7, MAYBE, 1644) (FSE_Bitvector_Mode_Incorrect_Control_Statement_1_T_Loop18_TestCase3, MAYBE, 1672) (FSE_Bitvector_Mode_Incorrect_Control_Statement_1_T_Loop18_TestCase2, MAYBE, 1645) (FSE_Bitvector_Mode_Incorrect_Control_Statement_1_T_Loop18_TestCase10, MAYBE, 1643) (FSE_Bitvector_Mode_Incorrect_Control_Statement_1_T_Loop18_TestCase1, MAYBE, 1645) | AK20: correct | AL20: 0.15 | AM20: 3/20 | AP20: 0.15 | AQ20: 3/20 | AR20: 5406 | AS20: 1802 | AT20: 1769 | AU20: Pointer + Array
B21: Incorrect_Control_Statement_2_NT.c | C21: (FSE_Bitvector_Mode_Incorrect_Control_Statement_2_NT_Loop0_TestCase0, TIMEOUT, 302085) | D21: correct | E21: 0 | F21: 0/0 | G21: 0 | H21: 0/1 | I21: 0 | J21: 0/1 | K21: 0 | L21: 0 | M21: 0 | N21: (FSE_Bitvector_Mode_Incorrect_Control_Statement_2_NT_Loop23_TestCase0, TIMEOUT, 301752) (FSE_Bitvector_Mode_Incorrect_Control_Statement_2_NT_Loop17_TestCase0, YES, 1770) | O21: correct | P21: 1 | Q21: 1/1 | R21: 0 | S21: 0/1 | T21: 0.5 | U21: 1/2 | V21: 1770 | W21: 1770 | X21: 1770 | Y21: (FSE_Bitvector_Mode_Incorrect_Control_Statement_2_NT_Loop0_TestCase7, NO, 2826) (FSE_Bitvector_Mode_Incorrect_Control_Statement_2_NT_Loop0_TestCase6, NO, 4228) (FSE_Bitvector_Mode_Incorrect_Control_Statement_2_NT_Loop0_TestCase4, NO, 3270) (FSE_Bitvector_Mode_Incorrect_Control_Statement_2_NT_Loop0_TestCase10, NO, 3013) (FSE_Bitvector_Mode_Incorrect_Control_Statement_2_NT_Loop0_TestCase5, NO, 3785) (FSE_Bitvector_Mode_Incorrect_Control_Statement_2_NT_Loop0_TestCase1, NO, 4305) (FSE_Bitvector_Mode_Incorrect_Control_Statement_2_NT_Loop0_TestCase2, NO, 4215) (FSE_Bitvector_Mode_Incorrect_Control_Statement_2_NT_Loop0_TestCase3, NO, 3563) (FSE_Bitvector_Mode_Incorrect_Control_Statement_2_NT_Loop0_TestCase8, NO, 4156) (FSE_Bitvector_Mode_Incorrect_Control_Statement_2_NT_Loop0_TestCase9, NO, 2919) | Z21: correct | AA21: 0 | AB21: 0/5 | AC21: 1 | AD21: 5/5 | AE21: 0.5 | AF21: 5/10 | AG21: 17142 | AH21: 3428.4 | AI21: 3013 | AJ21: (FSE_Bitvector_Mode_Incorrect_Control_Statement_2_NT_Loop17_TestCase9, YES, 1749) (FSE_Bitvector_Mode_Incorrect_Control_Statement_2_NT_Loop17_TestCase8, YES, 1745) (FSE_Bitvector_Mode_Incorrect_Control_Statement_2_NT_Loop23_TestCase9, NO, 4385) (FSE_Bitvector_Mode_Incorrect_Control_Statement_2_NT_Loop23_TestCase8, NO, 2984) (FSE_Bitvector_Mode_Incorrect_Control_Statement_2_NT_Loop23_TestCase10, NO, 3535) (FSE_Bitvector_Mode_Incorrect_Control_Statement_2_NT_Loop23_TestCase1, NO, 4481) (FSE_Bitvector_Mode_Incorrect_Control_Statement_2_NT_Loop23_TestCase3, NO, 4150) (FSE_Bitvector_Mode_Incorrect_Control_Statement_2_NT_Loop23_TestCase2, NO, 2886) (FSE_Bitvector_Mode_Incorrect_Control_Statement_2_NT_Loop23_TestCase6, NO, 3186) (FSE_Bitvector_Mode_Incorrect_Control_Statement_2_NT_Loop17_TestCase10, YES, 1751) (FSE_Bitvector_Mode_Incorrect_Control_Statement_2_NT_Loop23_TestCase7, NO, 4314) (FSE_Bitvector_Mode_Incorrect_Control_Statement_2_NT_Loop23_TestCase5, NO, 4332) (FSE_Bitvector_Mode_Incorrect_Control_Statement_2_NT_Loop23_TestCase4, NO, 4183) (FSE_Bitvector_Mode_Incorrect_Control_Statement_2_NT_Loop17_TestCase1, YES, 1713) (FSE_Bitvector_Mode_Incorrect_Control_Statement_2_NT_Loop17_TestCase3, YES, 1742) (FSE_Bitvector_Mode_Incorrect_Control_Statement_2_NT_Loop17_TestCase2, YES, 1697) (FSE_Bitvector_Mode_Incorrect_Control_Statement_2_NT_Loop17_TestCase6, YES, 1745) (FSE_Bitvector_Mode_Incorrect_Control_Statement_2_NT_Loop17_TestCase7, YES, 1752) (FSE_Bitvector_Mode_Incorrect_Control_Statement_2_NT_Loop17_TestCase5, YES, 1757) (FSE_Bitvector_Mode_Incorrect_Control_Statement_2_NT_Loop17_TestCase4, YES, 1730) | AK21: correct | AL21: 0.6667 | AM21: 10/15 | AN21: 1 | AO21: 5/5 | AP21: 0.75 | AQ21: 15/20 | AR21: 35785 | AS21: 2385.67 | AT21: 1751 | AU21: Array
B22: Incorrect_Control_Statement_2_T.c | C22: (FSE_Bitvector_Mode_Incorrect_Control_Statement_2_T_Loop0_TestCase0, YES, 2274) | D22: correct | E22: 1 | F22: 1/1 | I22: 1 | J22: 1/1 | K22: 2274 | L22: 2274 | M22: 2274 | N22: (FSE_Bitvector_Mode_Incorrect_Control_Statement_2_T_Loop23_TestCase0, YES, 2415) (FSE_Bitvector_Mode_Incorrect_Control_Statement_2_T_Loop17_TestCase0, YES, 1827) | O22: correct | P22: 1 | Q22: 2/2 | T22: 1 | U22: 2/2 | V22: 4242 | W22: 2121 | X22: 2121 | Y22: (FSE_Bitvector_Mode_Incorrect_Control_Statement_2_T_Loop0_TestCase3, YES, 2191) (FSE_Bitvector_Mode_Incorrect_Control_Statement_2_T_Loop0_TestCase2, YES, 2063) (FSE_Bitvector_Mode_Incorrect_Control_Statement_2_T_Loop0_TestCase1, YES, 2103) (FSE_Bitvector_Mode_Incorrect_Control_Statement_2_T_Loop0_TestCase5, YES, 2122) (FSE_Bitvector_Mode_Incorrect_Control_Statement_2_T_Loop0_TestCase4, YES, 2025) (FSE_Bitvector_Mode_Incorrect_Control_Statement_2_T_Loop0_TestCase6, YES, 1973) (FSE_Bitvector_Mode_Incorrect_Control_Statement_2_T_Loop0_TestCase7, YES, 2066) (FSE_Bitvector_Mode_Incorrect_Control_Statement_2_T_Loop0_TestCase9, YES, 2069) (FSE_Bitvector_Mode_Incorrect_Control_Statement_2_T_Loop0_TestCase8, YES, 1930) (FSE_Bitvector_Mode_Incorrect_Control_Statement_2_T_Loop0_TestCase10, YES, 1967) | Z22: correct | AA22: 1 | AB22: 10/10 | AE22: 1 | AF22: 10/10 | AG22: 20509 | AH22: 2050.9 | AI22: 2064.5 | AJ22: (FSE_Bitvector_Mode_Incorrect_Control_Statement_2_T_Loop23_TestCase2, YES, 2418) (FSE_Bitvector_Mode_Incorrect_Control_Statement_2_T_Loop23_TestCase3, YES, 2080) (FSE_Bitvector_Mode_Incorrect_Control_Statement_2_T_Loop23_TestCase1, YES, 2206) (FSE_Bitvector_Mode_Incorrect_Control_Statement_2_T_Loop23_TestCase4, YES, 2074) (FSE_Bitvector_Mode_Incorrect_Control_Statement_2_T_Loop23_TestCase5, YES, 2234) (FSE_Bitvector_Mode_Incorrect_Control_Statement_2_T_Loop23_TestCase7, YES, 2114) (FSE_Bitvector_Mode_Incorrect_Control_Statement_2_T_Loop23_TestCase6, YES, 2087) (FSE_Bitvector_Mode_Incorrect_Control_Statement_2_T_Loop17_TestCase2, YES, 1726) (FSE_Bitvector_Mode_Incorrect_Control_Statement_2_T_Loop17_TestCase3, YES, 1752) (FSE_Bitvector_Mode_Incorrect_Control_Statement_2_T_Loop17_TestCase1, YES, 1740) (FSE_Bitvector_Mode_Incorrect_Control_Statement_2_T_Loop17_TestCase4, YES, 1756) (FSE_Bitvector_Mode_Incorrect_Control_Statement_2_T_Loop23_TestCase10, YES, 1999) (FSE_Bitvector_Mode_Incorrect_Control_Statement_2_T_Loop17_TestCase5, YES, 1762) (FSE_Bitvector_Mode_Incorrect_Control_Statement_2_T_Loop17_TestCase7, YES, 1712) (FSE_Bitvector_Mode_Incorrect_Control_Statement_2_T_Loop17_TestCase6, YES, 1773) (FSE_Bitvector_Mode_Incorrect_Control_Statement_2_T_Loop17_TestCase8, YES, 1718) (FSE_Bitvector_Mode_Incorrect_Control_Statement_2_T_Loop17_TestCase10, YES, 1754) (FSE_Bitvector_Mode_Incorrect_Control_Statement_2_T_Loop17_TestCase9, YES, 1764) (FSE_Bitvector_Mode_Incorrect_Control_Statement_2_T_Loop23_TestCase8, YES, 2091) (FSE_Bitvector_Mode_Incorrect_Control_Statement_2_T_Loop23_TestCase9, YES, 2135) | AK22: correct | AL22: 1 | AM22: 20/20 | AP22: 1 | AQ22: 20/20 | AR22: 38895 | AS22: 1944.75 | AT22: 1886 | AU22: Array
B23: Incorrect_Initialization_1_NT.c | C23: (FSE_Bitvector_Mode_Incorrect_Initialization_1_NT_Loop0_TestCase0, NO, 132055) | D23: correct | E23: 0 | F23: 0/0 | G23: 1 | H23: 1/1 | I23: 1 | J23: 1/1 | K23: 132055 | L23: 132055 | M23: 132055 | N23: (FSE_Bitvector_Mode_Incorrect_Initialization_1_NT_Loop19_TestCase0, NO, 298158) (FSE_Bitvector_Mode_Incorrect_Initialization_1_NT_Loop16_TestCase0, TIMEOUT, 302299) (FSE_Bitvector_Mode_Incorrect_Initialization_1_NT_Loop32_TestCase0, YES, 1767) (FSE_Bitvector_Mode_Incorrect_Initialization_1_NT_Loop36_TestCase0, TIMEOUT, 302357) | O23: correct | P23: 1 | Q23: 1/1 | R23: 0.3333 | S23: 1/3 | T23: 0.5 | U23: 2/4 | V23: 299925 | W23: 149962.5 | X23: 149962.5 | Y23: (FSE_Bitvector_Mode_Incorrect_Initialization_1_NT_Loop0_TestCase6, MAYBE, 1362) (FSE_Bitvector_Mode_Incorrect_Initialization_1_NT_Loop0_TestCase7, MAYBE, 1341) (FSE_Bitvector_Mode_Incorrect_Initialization_1_NT_Loop0_TestCase5, MAYBE, 1373) (FSE_Bitvector_Mode_Incorrect_Initialization_1_NT_Loop0_TestCase4, MAYBE, 1351) (FSE_Bitvector_Mode_Incorrect_Initialization_1_NT_Loop0_TestCase1, MAYBE, 1372) (FSE_Bitvector_Mode_Incorrect_Initialization_1_NT_Loop0_TestCase3, MAYBE, 1337) (FSE_Bitvector_Mode_Incorrect_Initialization_1_NT_Loop0_TestCase2, MAYBE, 1370) (FSE_Bitvector_Mode_Incorrect_Initialization_1_NT_Loop0_TestCase10, MAYBE, 1346) (FSE_Bitvector_Mode_Incorrect_Initialization_1_NT_Loop0_TestCase9, MAYBE, 1361) (FSE_Bitvector_Mode_Incorrect_Initialization_1_NT_Loop0_TestCase8, MAYBE, 1334) | Z23: correct | AA23: 0 | AB23: 0/1 | AC23: 0 | AD23: 0/9 | AE23: 0 | AF23: 0/10 | AG23: 0 | AH23: 0 | AI23: 0 | AJ23: (FSE_Bitvector_Mode_Incorrect_Initialization_1_NT_Loop19_TestCase5, MAYBE, 1397) (FSE_Bitvector_Mode_Incorrect_Initialization_1_NT_Loop19_TestCase4, MAYBE, 1364) (FSE_Bitvector_Mode_Incorrect_Initialization_1_NT_Loop32_TestCase9, ERROR, 1635) (FSE_Bitvector_Mode_Incorrect_Initialization_1_NT_Loop19_TestCase6, MAYBE, 1407) (FSE_Bitvector_Mode_Incorrect_Initialization_1_NT_Loop36_TestCase8, MAYBE, 1374) (FSE_Bitvector_Mode_Incorrect_Initialization_1_NT_Loop36_TestCase9, MAYBE, 1739) (FSE_Bitvector_Mode_Incorrect_Initialization_1_NT_Loop19_TestCase7, MAYBE, 1375) (FSE_Bitvector_Mode_Incorrect_Initialization_1_NT_Loop32_TestCase8, YES, 1754) (FSE_Bitvector_Mode_Incorrect_Initialization_1_NT_Loop19_TestCase3, MAYBE, 1350) (FSE_Bitvector_Mode_Incorrect_Initialization_1_NT_Loop32_TestCase10, YES, 1846) (FSE_Bitvector_Mode_Incorrect_Initialization_1_NT_Loop19_TestCase2, MAYBE, 1387) (FSE_Bitvector_Mode_Incorrect_Initialization_1_NT_Loop19_TestCase1, MAYBE, 1354) (FSE_Bitvector_Mode_Incorrect_Initialization_1_NT_Loop16_TestCase8, MAYBE, 1390) (FSE_Bitvector_Mode_Incorrect_Initialization_1_NT_Loop16_TestCase9, MAYBE, 1382) (FSE_Bitvector_Mode_Incorrect_Initialization_1_NT_Loop36_TestCase10, MAYBE, 1372) (FSE_Bitvector_Mode_Incorrect_Initialization_1_NT_Loop16_TestCase7, MAYBE, 1359) (FSE_Bitvector_Mode_Incorrect_Initialization_1_NT_Loop16_TestCase6, MAYBE, 1383) (FSE_Bitvector_Mode_Incorrect_Initialization_1_NT_Loop16_TestCase4, MAYBE, 1353) (FSE_Bitvector_Mode_Incorrect_Initialization_1_NT_Loop16_TestCase5, MAYBE, 1416) (FSE_Bitvector_Mode_Incorrect_Initialization_1_NT_Loop16_TestCase1, MAYBE, 1374) (FSE_Bitvector_Mode_Incorrect_Initialization_1_NT_Loop19_TestCase10, MAYBE, 1398) (FSE_Bitvector_Mode_Incorrect_Initialization_1_NT_Loop16_TestCase10, MAYBE, 1337) (FSE_Bitvector_Mode_Incorrect_Initialization_1_NT_Loop16_TestCase2, MAYBE, 1393) (FSE_Bitvector_Mode_Incorrect_Initialization_1_NT_Loop16_TestCase3, MAYBE, 1365) (FSE_Bitvector_Mode_Incorrect_Initialization_1_NT_Loop32_TestCase3, YES, 1829) (FSE_Bitvector_Mode_Incorrect_Initialization_1_NT_Loop36_TestCase2, MAYBE, 1380) (FSE_Bitvector_Mode_Incorrect_Initialization_1_NT_Loop36_TestCase3, MAYBE, 1346) (FSE_Bitvector_Mode_Incorrect_Initialization_1_NT_Loop32_TestCase2, YES, 1914) (FSE_Bitvector_Mode_Incorrect_Initialization_1_NT_Loop36_TestCase1, MAYBE, 1358) (FSE_Bitvector_Mode_Incorrect_Initialization_1_NT_Loop32_TestCase1, YES, 1824) (FSE_Bitvector_Mode_Incorrect_Initialization_1_NT_Loop32_TestCase5, YES, 1826) (FSE_Bitvector_Mode_Incorrect_Initialization_1_NT_Loop36_TestCase4, MAYBE, 1361) (FSE_Bitvector_Mode_Incorrect_Initialization_1_NT_Loop36_TestCase5, MAYBE, 1374) (FSE_Bitvector_Mode_Incorrect_Initialization_1_NT_Loop32_TestCase4, ERROR, 1845) (FSE_Bitvector_Mode_Incorrect_Initialization_1_NT_Loop32_TestCase6, ERROR, 1915) (FSE_Bitvector_Mode_Incorrect_Initialization_1_NT_Loop19_TestCase9, MAYBE, 1345) (FSE_Bitvector_Mode_Incorrect_Initialization_1_NT_Loop36_TestCase7, MAYBE, 1387) (FSE_Bitvector_Mode_Incorrect_Initialization_1_NT_Loop36_TestCase6, MAYBE, 1369) (FSE_Bitvector_Mode_Incorrect_Initialization_1_NT_Loop19_TestCase8, MAYBE, 1391) (FSE_Bitvector_Mode_Incorrect_Initialization_1_NT_Loop32_TestCase7, ERROR, 1788) | AK23: correct | AL23: 0.4615 | AM23: 6/13 | AN23: 0 | AO23: 0/27 | AP23: 0.15 | AQ23: 6/40 | AR23: 10993 | AS23: 1832.17 | AT23: 1827.5 | AU23: Pointer + Array
B24: Incorrect_Initialization_1_T.c | C24: (FSE_Bitvector_Mode_Incorrect_Initialization_1_T_Loop0_TestCase0, TIMEOUT, 302152) | D24: correct | E24: 0 | F24: 0/1 | I24: 0 | J24: 0/1 | K24: 0 | L24: 0 | M24: 0 | N24: (FSE_Bitvector_Mode_Incorrect_Initialization_1_T_Loop18_TestCase0, TIMEOUT, 302287) (FSE_Bitvector_Mode_Incorrect_Initialization_1_T_Loop31_TestCase0, YES, 2093) (FSE_Bitvector_Mode_Incorrect_Initialization_1_T_Loop35_TestCase0, TIMEOUT, 302311) (FSE_Bitvector_Mode_Incorrect_Initialization_1_T_Loop15_TestCase0, TIMEOUT, 302043) | O24: correct | P24: 0.25 | Q24: 1/4 | T24: 0.25 | U24: 1/4 | V24: 2093 | W24: 2093 | X24: 2093 | Y24: (FSE_Bitvector_Mode_Incorrect_Initialization_1_T_Loop0_TestCase5, MAYBE, 1361) (FSE_Bitvector_Mode_Incorrect_Initialization_1_T_Loop0_TestCase4, MAYBE, 1337) (FSE_Bitvector_Mode_Incorrect_Initialization_1_T_Loop0_TestCase6, MAYBE, 1380) (FSE_Bitvector_Mode_Incorrect_Initialization_1_T_Loop0_TestCase7, MAYBE, 1365) (FSE_Bitvector_Mode_Incorrect_Initialization_1_T_Loop0_TestCase3, MAYBE, 1353) (FSE_Bitvector_Mode_Incorrect_Initialization_1_T_Loop0_TestCase2, MAYBE, 1379) (FSE_Bitvector_Mode_Incorrect_Initialization_1_T_Loop0_TestCase1, MAYBE, 1362) (FSE_Bitvector_Mode_Incorrect_Initialization_1_T_Loop0_TestCase10, MAYBE, 1364) (FSE_Bitvector_Mode_Incorrect_Initialization_1_T_Loop0_TestCase9, MAYBE, 1341) (FSE_Bitvector_Mode_Incorrect_Initialization_1_T_Loop0_TestCase8, MAYBE, 1379) | Z24: correct | AA24: 0 | AB24: 0/10 | AE24: 0 | AF24: 0/10 | AG24: 0 | AH24: 0 | AI24: 0 | AJ24: (FSE_Bitvector_Mode_Incorrect_Initialization_1_T_Loop15_TestCase8, MAYBE, 1349) (FSE_Bitvector_Mode_Incorrect_Initialization_1_T_Loop18_TestCase10, MAYBE, 1379) (FSE_Bitvector_Mode_Incorrect_Initialization_1_T_Loop15_TestCase9, MAYBE, 1354) (FSE_Bitvector_Mode_Incorrect_Initialization_1_T_Loop18_TestCase8, MAYBE, 1396) (FSE_Bitvector_Mode_Incorrect_Initialization_1_T_Loop18_TestCase9, MAYBE, 1385) (FSE_Bitvector_Mode_Incorrect_Initialization_1_T_Loop15_TestCase10, MAYBE, 1386) (FSE_Bitvector_Mode_Incorrect_Initialization_1_T_Loop31_TestCase9, ERROR, 1656) (FSE_Bitvector_Mode_Incorrect_Initialization_1_T_Loop35_TestCase8, MAYBE, 1373) (FSE_Bitvector_Mode_Incorrect_Initialization_1_T_Loop35_TestCase9, MAYBE, 1346) (FSE_Bitvector_Mode_Incorrect_Initialization_1_T_Loop31_TestCase8, YES, 1833) (FSE_Bitvector_Mode_Incorrect_Initialization_1_T_Loop18_TestCase1, MAYBE, 1370) (FSE_Bitvector_Mode_Incorrect_Initialization_1_T_Loop31_TestCase5, YES, 1765) (FSE_Bitvector_Mode_Incorrect_Initialization_1_T_Loop35_TestCase4, MAYBE, 1366) (FSE_Bitvector_Mode_Incorrect_Initialization_1_T_Loop35_TestCase5, MAYBE, 1383) (FSE_Bitvector_Mode_Incorrect_Initialization_1_T_Loop31_TestCase4, ERROR, 1691) (FSE_Bitvector_Mode_Incorrect_Initialization_1_T_Loop31_TestCase6, ERROR, 1684) (FSE_Bitvector_Mode_Incorrect_Initialization_1_T_Loop18_TestCase2, MAYBE, 1375) (FSE_Bitvector_Mode_Incorrect_Initialization_1_T_Loop35_TestCase7, MAYBE, 1363) (FSE_Bitvector_Mode_Incorrect_Initialization_1_T_Loop35_TestCase6, MAYBE, 1360) (FSE_Bitvector_Mode_Incorrect_Initialization_1_T_Loop18_TestCase3, MAYBE, 1396) (FSE_Bitvector_Mode_Incorrect_Initialization_1_T_Loop31_TestCase7, ERROR, 1694) (FSE_Bitvector_Mode_Incorrect_Initialization_1_T_Loop31_TestCase3, YES, 1764) (FSE_Bitvector_Mode_Incorrect_Initialization_1_T_Loop18_TestCase7, MAYBE, 1409) (FSE_Bitvector_Mode_Incorrect_Initialization_1_T_Loop35_TestCase2, MAYBE, 1385) (FSE_Bitvector_Mode_Incorrect_Initialization_1_T_Loop35_TestCase3, MAYBE, 1348) (FSE_Bitvector_Mode_Incorrect_Initialization_1_T_Loop18_TestCase6, MAYBE, 1394) (FSE_Bitvector_Mode_Incorrect_Initialization_1_T_Loop31_TestCase2, YES, 1745) (FSE_Bitvector_Mode_Incorrect_Initialization_1_T_Loop35_TestCase10, MAYBE, 1386) (FSE_Bitvector_Mode_Incorrect_Initialization_1_T_Loop18_TestCase4, MAYBE, 1363) (FSE_Bitvector_Mode_Incorrect_Initialization_1_T_Loop35_TestCase1, MAYBE, 1369) (FSE_Bitvector_Mode_Incorrect_Initialization_1_T_Loop31_TestCase1, YES, 1985) (FSE_Bitvector_Mode_Incorrect_Initialization_1_T_Loop18_TestCase5, MAYBE, 1417) (FSE_Bitvector_Mode_Incorrect_Initialization_1_T_Loop15_TestCase1, MAYBE, 1439) (FSE_Bitvector_Mode_Incorrect_Initialization_1_T_Loop15_TestCase2, MAYBE, 1353) (FSE_Bitvector_Mode_Incorrect_Initialization_1_T_Loop15_TestCase3, MAYBE, 1381) (FSE_Bitvector_Mode_Incorrect_Initialization_1_T_Loop15_TestCase7, MAYBE, 1366) (FSE_Bitvector_Mode_Incorrect_Initialization_1_T_Loop15_TestCase6, MAYBE, 1367) (FSE_Bitvector_Mode_Incorrect_Initialization_1_T_Loop31_TestCase10, YES, 1789) (FSE_Bitvector_Mode_Incorrect_Initialization_1_T_Loop15_TestCase4, MAYBE, 1351) (FSE_Bitvector_Mode_Incorrect_Initialization_1_T_Loop15_TestCase5, MAYBE, 1503) | AK24: correct | AL24: 0.15 | AM24: 6/40 | AP24: 0.15 | AQ24: 6/40 | AR24: 10881 | AS24: 1813.5 | AT24: 1777 | AU24: Pointer + Array
B25: Incorrect_Initialization_2_NT.c | C25: (FSE_Bitvector_Mode_Incorrect_Initialization_2_NT_Loop0_TestCase0, NO, 2552) | D25: correct | E25: 0 | F25: 0/0 | G25: 1 | H25: 1/1 | I25: 1 | J25: 1/1 | K25: 2552 | L25: 2552 | M25: 2552 | N25: (FSE_Bitvector_Mode_Incorrect_Initialization_2_NT_Loop29_TestCase0, NO, 2606) (FSE_Bitvector_Mode_Incorrect_Initialization_2_NT_Loop31_TestCase0, NO, 2326) | O25: correct | P25: 0 | Q25: 0/0 | R25: 1 | S25: 2/2 | T25: 1 | U25: 2/2 | V25: 4932 | W25: 2466 | X25: 2466 | Y25: (FSE_Bitvector_Mode_Incorrect_Initialization_2_NT_Loop0_TestCase3, NO, 1780) (FSE_Bitvector_Mode_Incorrect_Initialization_2_NT_Loop0_TestCase2, NO, 1764) (FSE_Bitvector_Mode_Incorrect_Initialization_2_NT_Loop0_TestCase1, YES, 1834) (FSE_Bitvector_Mode_Incorrect_Initialization_2_NT_Loop0_TestCase5, NO, 1787) (FSE_Bitvector_Mode_Incorrect_Initialization_2_NT_Loop0_TestCase4, NO, 1884) (FSE_Bitvector_Mode_Incorrect_Initialization_2_NT_Loop0_TestCase6, NO, 1865) (FSE_Bitvector_Mode_Incorrect_Initialization_2_NT_Loop0_TestCase7, NO, 1957) (FSE_Bitvector_Mode_Incorrect_Initialization_2_NT_Loop0_TestCase10, NO, 1882) (FSE_Bitvector_Mode_Incorrect_Initialization_2_NT_Loop0_TestCase9, NO, 1874) (FSE_Bitvector_Mode_Incorrect_Initialization_2_NT_Loop0_TestCase8, NO, 1889) | Z25: correct | AA25: 0.2 | AB25: 1/5 | AC25: 1 | AD25: 5/5 | AE25: 0.6 | AF25: 6/10 | AG25: 11301 | AH25: 1883.5 | AI25: 1878 | AJ25: (FSE_Bitvector_Mode_Incorrect_Initialization_2_NT_Loop29_TestCase1, YES, 1791) (FSE_Bitvector_Mode_Incorrect_Initialization_2_NT_Loop29_TestCase2, NO, 1788) (FSE_Bitvector_Mode_Incorrect_Initialization_2_NT_Loop29_TestCase3, NO, 1803) (FSE_Bitvector_Mode_Incorrect_Initialization_2_NT_Loop29_TestCase7, NO, 1935) (FSE_Bitvector_Mode_Incorrect_Initialization_2_NT_Loop29_TestCase6, NO, 1917) (FSE_Bitvector_Mode_Incorrect_Initialization_2_NT_Loop29_TestCase4, NO, 1892) (FSE_Bitvector_Mode_Incorrect_Initialization_2_NT_Loop29_TestCase5, NO, 1794) (FSE_Bitvector_Mode_Incorrect_Initialization_2_NT_Loop31_TestCase9, NO, 1890) (FSE_Bitvector_Mode_Incorrect_Initialization_2_NT_Loop31_TestCase8, NO, 1882) (FSE_Bitvector_Mode_Incorrect_Initialization_2_NT_Loop31_TestCase3, NO, 1775) (FSE_Bitvector_Mode_Incorrect_Initialization_2_NT_Loop31_TestCase2, NO, 1939) (FSE_Bitvector_Mode_Incorrect_Initialization_2_NT_Loop31_TestCase1, YES, 1784) (FSE_Bitvector_Mode_Incorrect_Initialization_2_NT_Loop31_TestCase5, NO, 2001) (FSE_Bitvector_Mode_Incorrect_Initialization_2_NT_Loop31_TestCase4, NO, 1919) (FSE_Bitvector_Mode_Incorrect_Initialization_2_NT_Loop31_TestCase6, NO, 1849) (FSE_Bitvector_Mode_Incorrect_Initialization_2_NT_Loop29_TestCase10, NO, 1936) (FSE_Bitvector_Mode_Incorrect_Initialization_2_NT_Loop31_TestCase7, NO, 1982) (FSE_Bitvector_Mode_Incorrect_Initialization_2_NT_Loop29_TestCase8, NO, 1883) (FSE_Bitvector_Mode_Incorrect_Initialization_2_NT_Loop29_TestCase9, NO, 1924) (FSE_Bitvector_Mode_Incorrect_Initialization_2_NT_Loop31_TestCase10, NO, 1883) | AK25: correct | AL25: 0.2 | AM25: 2/10 | AN25: 1 | AO25: 10/10 | AP25: 0.6 | AQ25: 12/20 | AR25: 22656 | AS25: 1888 | AT25: 1886.5
B26: Incorrect_Initialization_2_NT.c | C26: (FSE_Bitvector_Mode_Incorrect_Initialization_2_T_Loop0_TestCase0, NO, 2408) | D26: correct | E26: 0 | F26: 0/0 | G26: 1 | H26: 1/1 | I26: 1 | J26: 1/1 | K26: 2408 | L26: 2408 | M26: 2408 | N26: (FSE_Bitvector_Mode_Incorrect_Initialization_2_T_Loop29_TestCase0, NO, 3381) (FSE_Bitvector_Mode_Incorrect_Initialization_2_T_Loop26_TestCase0, NO, 2724) | O26: correct | P26: 0 | Q26: 0/0 | R26: 1 | S26: 2/2 | T26: 1 | U26: 2/2 | V26: 6105 | W26: 3052.5 | X26: 3052.5 | Y26: (FSE_Bitvector_Mode_Incorrect_Initialization_2_T_Loop0_TestCase8, YES, 15842) (FSE_Bitvector_Mode_Incorrect_Initialization_2_T_Loop0_TestCase9, YES, 14354) (FSE_Bitvector_Mode_Incorrect_Initialization_2_T_Loop0_TestCase1, YES, 1772) (FSE_Bitvector_Mode_Incorrect_Initialization_2_T_Loop0_TestCase2, NO, 1768) (FSE_Bitvector_Mode_Incorrect_Initialization_2_T_Loop0_TestCase3, NO, 1815) (FSE_Bitvector_Mode_Incorrect_Initialization_2_T_Loop0_TestCase7, YES, 12842) (FSE_Bitvector_Mode_Incorrect_Initialization_2_T_Loop0_TestCase6, YES, 18716) (FSE_Bitvector_Mode_Incorrect_Initialization_2_T_Loop0_TestCase4, NO, 2183) (FSE_Bitvector_Mode_Incorrect_Initialization_2_T_Loop0_TestCase5, NO, 1939) (FSE_Bitvector_Mode_Incorrect_Initialization_2_T_Loop0_TestCase10, YES, 65926) | Z26: correct | AA26: 0.2 | AB26: 1/5 | AC26: 0 | AD26: 0/5 | AE26: 0.1 | AF26: 1/10 | AG26: 1772 | AH26: 1772 | AI26: 1772 | AJ26: (FSE_Bitvector_Mode_Incorrect_Initialization_2_T_Loop29_TestCase2, NO, 1775) (FSE_Bitvector_Mode_Incorrect_Initialization_2_T_Loop29_TestCase3, NO, 1778) (FSE_Bitvector_Mode_Incorrect_Initialization_2_T_Loop29_TestCase1, YES, 1829) (FSE_Bitvector_Mode_Incorrect_Initialization_2_T_Loop29_TestCase4, NO, 2216) (FSE_Bitvector_Mode_Incorrect_Initialization_2_T_Loop29_TestCase5, NO, 2014) (FSE_Bitvector_Mode_Incorrect_Initialization_2_T_Loop29_TestCase7, YES, 29763) (FSE_Bitvector_Mode_Incorrect_Initialization_2_T_Loop29_TestCase6, YES, 11889) (FSE_Bitvector_Mode_Incorrect_Initialization_2_T_Loop26_TestCase9, YES, 38183) (FSE_Bitvector_Mode_Incorrect_Initialization_2_T_Loop26_TestCase8, YES, 19102) (FSE_Bitvector_Mode_Incorrect_Initialization_2_T_Loop26_TestCase1, YES, 2139) (FSE_Bitvector_Mode_Incorrect_Initialization_2_T_Loop26_TestCase3, NO, 1816) (FSE_Bitvector_Mode_Incorrect_Initialization_2_T_Loop26_TestCase2, NO, 1816) (FSE_Bitvector_Mode_Incorrect_Initialization_2_T_Loop26_TestCase6, YES, 9374) (FSE_Bitvector_Mode_Incorrect_Initialization_2_T_Loop26_TestCase7, YES, 86847) (FSE_Bitvector_Mode_Incorrect_Initialization_2_T_Loop26_TestCase5, NO, 1786) (FSE_Bitvector_Mode_Incorrect_Initialization_2_T_Loop26_TestCase4, NO, 1948) (FSE_Bitvector_Mode_Incorrect_Initialization_2_T_Loop29_TestCase8, YES, 9257) (FSE_Bitvector_Mode_Incorrect_Initialization_2_T_Loop29_TestCase9, YES, 56126) (FSE_Bitvector_Mode_Incorrect_Initialization_2_T_Loop29_TestCase10, YES, 12346) (FSE_Bitvector_Mode_Incorrect_Initialization_2_T_Loop26_TestCase10, TIMEOUT, 301753) | AK26: correct | AL26: 0.2 | AM26: 2/10 | AN26: 0 | AO26: 0/10 | AP26: 0.1 | AQ26: 2/20 | AR26: 3968 | AS26: 1984 | AT26: 1984
B27: Incorrect_Initialization_3_NT.c | C27: (FSE_Bitvector_Mode_Incorrect_Initialization_3_NT_Loop0_TestCase0, TIMEOUT, 302043) | D27: correct | E27: 0 | F27: 0/0 | G27: 0 | H27: 0/1 | I27: 0 | J27: 0/1 | K27: 0 | L27: 0 | M27: 0 | N27: (FSE_Bitvector_Mode_Incorrect_Initialization_3_NT_Loop21_TestCase0, YES, 1816) (FSE_Bitvector_Mode_Incorrect_Initialization_3_NT_Loop25_TestCase0, MAYBE, 1387) (FSE_Bitvector_Mode_Incorrect_Initialization_3_NT_Loop10_TestCase0, MAYBE, 2205) | O27: correct | P27: 1 | Q27: 1/1 | R27: 0 | S27: 0/2 | T27: 0.3333 | U27: 1/3 | V27: 1816 | W27: 1816 | X27: 1816 | Y27: (FSE_Bitvector_Mode_Incorrect_Initialization_3_NT_Loop0_TestCase0, TIMEOUT, 302055) | Z27: correct | AA27: 0 | AB27: 0/0 | AC27: 0 | AD27: 0/1 | AE27: 0 | AF27: 0/1 | AG27: 0 | AH27: 0 | AI27: 0 | AJ27: (FSE_Bitvector_Mode_Incorrect_Initialization_3_NT_Loop21_TestCase0, YES, 1785) (FSE_Bitvector_Mode_Incorrect_Initialization_3_NT_Loop25_TestCase0, MAYBE, 1373) (FSE_Bitvector_Mode_Incorrect_Initialization_3_NT_Loop10_TestCase0, MAYBE, 2131) | AK27: correct | AL27: 1 | AM27: 1/1 | AN27: 0 | AO27: 0/2 | AP27: 0.3333 | AQ27: 1/3 | AR27: 1785 | AS27: 1785 | AT27: 1785 | AU27: Pointer + Array
B28: Incorrect_Initialization_3_T.c | C28: (FSE_Bitvector_Mode_Incorrect_Initialization_3_T_Loop0_TestCase0, TIMEOUT, 302181) | D28: correct | E28: 0 | F28: 0/1 | I28: 0 | J28: 0/1 | K28: 0 | L28: 0 | M28: 0 | N28: (FSE_Bitvector_Mode_Incorrect_Initialization_3_T_Loop10_TestCase0, MAYBE, 2170) (FSE_Bitvector_Mode_Incorrect_Initialization_3_T_Loop21_TestCase0, YES, 1894) (FSE_Bitvector_Mode_Incorrect_Initialization_3_T_Loop25_TestCase0, MAYBE, 1870) | O28: correct | P28: 0.3333 | Q28: 1/3 | T28: 0.3333 | U28: 1/3 | V28: 1894 | W28: 1894 | X28: 1894 | Y28: (FSE_Bitvector_Mode_Incorrect_Initialization_3_T_Loop0_TestCase0, TIMEOUT, 302194) | Z28: correct | AA28: 0 | AB28: 0/1 | AE28: 0 | AF28: 0/1 | AG28: 0 | AH28: 0 | AI28: 0 | AJ28: (FSE_Bitvector_Mode_Incorrect_Initialization_3_T_Loop10_TestCase0, MAYBE, 2176) (FSE_Bitvector_Mode_Incorrect_Initialization_3_T_Loop21_TestCase0, YES, 2122) (FSE_Bitvector_Mode_Incorrect_Initialization_3_T_Loop25_TestCase0, MAYBE, 1838) | AK28: correct | AL28: 0.3333 | AM28: 1/3 | AP28: 0.3333 | AQ28: 1/3 | AR28: 2122 | AS28: 2122 | AT28: 2122 | AU28: Pointer + Array
B29: Incorrect_Initialization_4_NT.c | C29: (FSE_Bitvector_Mode_Incorrect_Initialization_4_NT_Loop0_TestCase0, NO, 6653) | D29: correct | E29: 0 | F29: 0/0 | G29: 1 | H29: 1/1 | I29: 1 | J29: 1/1 | K29: 6653 | L29: 6653 | M29: 6653 | N29: (FSE_Bitvector_Mode_Incorrect_Initialization_4_NT_Loop19_TestCase0, NO, 3202) | O29: correct | P29: 0 | Q29: 0/0 | R29: 1 | S29: 1/1 | T29: 1 | U29: 1/1 | V29: 3202 | W29: 3202 | X29: 3202 | Y29: (FSE_Bitvector_Mode_Incorrect_Initialization_4_NT_Loop0_TestCase4, YES, 1718) (FSE_Bitvector_Mode_Incorrect_Initialization_4_NT_Loop0_TestCase5, YES, 1815) (FSE_Bitvector_Mode_Incorrect_Initialization_4_NT_Loop0_TestCase10, NO, 1807) (FSE_Bitvector_Mode_Incorrect_Initialization_4_NT_Loop0_TestCase7, NO, 1830) (FSE_Bitvector_Mode_Incorrect_Initialization_4_NT_Loop0_TestCase6, NO, 1853) (FSE_Bitvector_Mode_Incorrect_Initialization_4_NT_Loop0_TestCase2, YES, 2176) (FSE_Bitvector_Mode_Incorrect_Initialization_4_NT_Loop0_TestCase3, YES, 1748) (FSE_Bitvector_Mode_Incorrect_Initialization_4_NT_Loop0_TestCase1, YES, 1653) (FSE_Bitvector_Mode_Incorrect_Initialization_4_NT_Loop0_TestCase8, NO, 1717) (FSE_Bitvector_Mode_Incorrect_Initialization_4_NT_Loop0_TestCase9, NO, 1866) | Z29: correct | AA29: 1 | AB29: 5/5 | AC29: 1 | AD29: 5/5 | AE29: 1 | AF29: 10/10 | AG29: 18183 | AH29: 1818.3 | AI29: 1811 | AJ29: (FSE_Bitvector_Mode_Incorrect_Initialization_4_NT_Loop19_TestCase9, NO, 2048) (FSE_Bitvector_Mode_Incorrect_Initialization_4_NT_Loop19_TestCase8, NO, 1709) (FSE_Bitvector_Mode_Incorrect_Initialization_4_NT_Loop19_TestCase6, NO, 1815) (FSE_Bitvector_Mode_Incorrect_Initialization_4_NT_Loop19_TestCase7, NO, 1844) (FSE_Bitvector_Mode_Incorrect_Initialization_4_NT_Loop19_TestCase5, YES, 1743) (FSE_Bitvector_Mode_Incorrect_Initialization_4_NT_Loop19_TestCase4, YES, 1719) (FSE_Bitvector_Mode_Incorrect_Initialization_4_NT_Loop19_TestCase1, YES, 1776) (FSE_Bitvector_Mode_Incorrect_Initialization_4_NT_Loop19_TestCase3, YES, 1720) (FSE_Bitvector_Mode_Incorrect_Initialization_4_NT_Loop19_TestCase2, YES, 1743) (FSE_Bitvector_Mode_Incorrect_Initialization_4_NT_Loop19_TestCase10, NO, 1878) | AK29: correct | AL29: 1 | AM29: 5/5 | AN29: 1 | AO29: 5/5 | AP29: 1 | AQ29: 10/10 | AR29: 17995 | AS29: 1799.5 | AT29: 1759.5
B30: Incorrect_Initialization_4_T.c | C30: (FSE_Bitvector_Mode_Incorrect_Initialization_4_T_Loop0_TestCase0, TIMEOUT, 301777) | D30: correct | E30: 0 | F30: 0/1 | I30: 0 | J30: 0/1 | K30: 0 | L30: 0 | M30: 0 | N30: (FSE_Bitvector_Mode_Incorrect_Initialization_4_T_Loop20_TestCase0, TIMEOUT, 301682) | O30: correct | P30: 0 | Q30: 0/1 | T30: 0 | U30: 0/1 | V30: 0 | W30: 0 | X30: 0 | Y30: (FSE_Bitvector_Mode_Incorrect_Initialization_4_T_Loop0_TestCase9, YES, 1705) (FSE_Bitvector_Mode_Incorrect_Initialization_4_T_Loop0_TestCase8, YES, 1811) (FSE_Bitvector_Mode_Incorrect_Initialization_4_T_Loop0_TestCase5, YES, 1716) (FSE_Bitvector_Mode_Incorrect_Initialization_4_T_Loop0_TestCase4, YES, 1696) (FSE_Bitvector_Mode_Incorrect_Initialization_4_T_Loop0_TestCase6, YES, 1723) (FSE_Bitvector_Mode_Incorrect_Initialization_4_T_Loop0_TestCase10, YES, 1862) (FSE_Bitvector_Mode_Incorrect_Initialization_4_T_Loop0_TestCase7, YES, 1722) (FSE_Bitvector_Mode_Incorrect_Initialization_4_T_Loop0_TestCase3, YES, 1687) (FSE_Bitvector_Mode_Incorrect_Initialization_4_T_Loop0_TestCase2, YES, 1726) (FSE_Bitvector_Mode_Incorrect_Initialization_4_T_Loop0_TestCase1, YES, 1700) | Z30: correct | AA30: 1 | AB30: 10/10 | AE30: 1 | AF30: 10/10 | AG30: 17348 | AH30: 1734.8 | AI30: 1719 | AJ30: (FSE_Bitvector_Mode_Incorrect_Initialization_4_T_Loop20_TestCase4, YES, 1763) (FSE_Bitvector_Mode_Incorrect_Initialization_4_T_Loop20_TestCase5, YES, 1728) (FSE_Bitvector_Mode_Incorrect_Initialization_4_T_Loop20_TestCase7, YES, 1705) (FSE_Bitvector_Mode_Incorrect_Initialization_4_T_Loop20_TestCase6, YES, 1718) (FSE_Bitvector_Mode_Incorrect_Initialization_4_T_Loop20_TestCase2, YES, 1744) (FSE_Bitvector_Mode_Incorrect_Initialization_4_T_Loop20_TestCase3, YES, 1756) (FSE_Bitvector_Mode_Incorrect_Initialization_4_T_Loop20_TestCase1, YES, 1704) (FSE_Bitvector_Mode_Incorrect_Initialization_4_T_Loop20_TestCase10, YES, 1916) (FSE_Bitvector_Mode_Incorrect_Initialization_4_T_Loop20_TestCase8, YES, 2338) (FSE_Bitvector_Mode_Incorrect_Initialization_4_T_Loop20_TestCase9, YES, 1698) | AK30: correct | AL30: 1 | AM30: 10/10 | AP30: 1 | AQ30: 10/10 | AR30: 18070 | AS30: 1807 | AT30: 1736
B31: Incorrect_Update_for_Loop_Iterator_1_NT.c | C31: (FSE_Bitvector_Mode_Incorrect_Update_for_Loop_Iterator_1_NT_Loop0_TestCase0, NO, 79772) | D31: correct | E31: 0 | F31: 0/0 | G31: 1 | H31: 1/1 | I31: 1 | J31: 1/1 | K31: 79772 | L31: 79772 | M31: 79772 | N31: (FSE_Bitvector_Mode_Incorrect_Update_for_Loop_Iterator_1_NT_Loop19_TestCase0, NO, 16743) | O31: correct | P31: 0 | Q31: 0/0 | R31: 1 | S31: 1/1 | T31: 1 | U31: 1/1 | V31: 16743 | W31: 16743 | X31: 16743 | Y31: (FSE_Bitvector_Mode_Incorrect_Update_for_Loop_Iterator_1_NT_Loop0_TestCase8, NO, 1781) (FSE_Bitvector_Mode_Incorrect_Update_for_Loop_Iterator_1_NT_Loop0_TestCase9, NO, 1695) (FSE_Bitvector_Mode_Incorrect_Update_for_Loop_Iterator_1_NT_Loop0_TestCase10, NO, 1673) (FSE_Bitvector_Mode_Incorrect_Update_for_Loop_Iterator_1_NT_Loop0_TestCase7, NO, 1756) (FSE_Bitvector_Mode_Incorrect_Update_for_Loop_Iterator_1_NT_Loop0_TestCase6, NO, 1728) (FSE_Bitvector_Mode_Incorrect_Update_for_Loop_Iterator_1_NT_Loop0_TestCase4, YES, 12591) (FSE_Bitvector_Mode_Incorrect_Update_for_Loop_Iterator_1_NT_Loop0_TestCase5, YES, 22928) (FSE_Bitvector_Mode_Incorrect_Update_for_Loop_Iterator_1_NT_Loop0_TestCase1, YES, 16488) (FSE_Bitvector_Mode_Incorrect_Update_for_Loop_Iterator_1_NT_Loop0_TestCase2, YES, 13802) (FSE_Bitvector_Mode_Incorrect_Update_for_Loop_Iterator_1_NT_Loop0_TestCase3, YES, 20142) | Z31: correct | AA31: 1 | AB31: 5/5 | AC31: 1 | AD31: 5/5 | AE31: 1 | AF31: 10/10 | AG31: 94584 | AH31: 9458.4 | AI31: 7186 | AJ31: (FSE_Bitvector_Mode_Incorrect_Update_for_Loop_Iterator_1_NT_Loop19_TestCase9, NO, 1910) (FSE_Bitvector_Mode_Incorrect_Update_for_Loop_Iterator_1_NT_Loop19_TestCase8, NO, 1767) (FSE_Bitvector_Mode_Incorrect_Update_for_Loop_Iterator_1_NT_Loop19_TestCase3, YES, 26438) (FSE_Bitvector_Mode_Incorrect_Update_for_Loop_Iterator_1_NT_Loop19_TestCase2, YES, 25350) (FSE_Bitvector_Mode_Incorrect_Update_for_Loop_Iterator_1_NT_Loop19_TestCase1, YES, 9495) (FSE_Bitvector_Mode_Incorrect_Update_for_Loop_Iterator_1_NT_Loop19_TestCase5, YES, 44306) (FSE_Bitvector_Mode_Incorrect_Update_for_Loop_Iterator_1_NT_Loop19_TestCase4, YES, 30135) (FSE_Bitvector_Mode_Incorrect_Update_for_Loop_Iterator_1_NT_Loop19_TestCase6, NO, 1785) (FSE_Bitvector_Mode_Incorrect_Update_for_Loop_Iterator_1_NT_Loop19_TestCase7, NO, 1742) (FSE_Bitvector_Mode_Incorrect_Update_for_Loop_Iterator_1_NT_Loop19_TestCase10, NO, 1798) | AK31: correct | AL31: 1 | AM31: 5/5 | AN31: 1 | AO31: 5/5 | AP31: 1 | AQ31: 10/10 | AR31: 144726 | AS31: 14472.6 | AT31: 5702.5 | AU31: Overflow/Underflow
B32: Incorrect_Update_for_Loop_Iterator_1_T.c | C32: (FSE_Bitvector_Mode_Incorrect_Update_for_Loop_Iterator_1_T_Loop0_TestCase0, YES, 11421) | D32: correct | E32: 1 | F32: 1/1 | I32: 1 | J32: 1/1 | K32: 11421 | L32: 11421 | M32: 11421 | N32: (FSE_Bitvector_Mode_Incorrect_Update_for_Loop_Iterator_1_T_Loop19_TestCase0, YES, 9590) | O32: correct | P32: 1 | Q32: 1/1 | T32: 1 | U32: 1/1 | V32: 9590 | W32: 9590 | X32: 9590 | Y32: (FSE_Bitvector_Mode_Incorrect_Update_for_Loop_Iterator_1_T_Loop0_TestCase10, YES, 1715) (FSE_Bitvector_Mode_Incorrect_Update_for_Loop_Iterator_1_T_Loop0_TestCase9, YES, 1722) (FSE_Bitvector_Mode_Incorrect_Update_for_Loop_Iterator_1_T_Loop0_TestCase8, YES, 1706) (FSE_Bitvector_Mode_Incorrect_Update_for_Loop_Iterator_1_T_Loop0_TestCase6, YES, 1848) (FSE_Bitvector_Mode_Incorrect_Update_for_Loop_Iterator_1_T_Loop0_TestCase7, YES, 1692) (FSE_Bitvector_Mode_Incorrect_Update_for_Loop_Iterator_1_T_Loop0_TestCase5, YES, 1826) (FSE_Bitvector_Mode_Incorrect_Update_for_Loop_Iterator_1_T_Loop0_TestCase4, YES, 1735) (FSE_Bitvector_Mode_Incorrect_Update_for_Loop_Iterator_1_T_Loop0_TestCase1, YES, 2064) (FSE_Bitvector_Mode_Incorrect_Update_for_Loop_Iterator_1_T_Loop0_TestCase3, YES, 1734) (FSE_Bitvector_Mode_Incorrect_Update_for_Loop_Iterator_1_T_Loop0_TestCase2, YES, 1714) | Z32: correct | AA32: 1 | AB32: 10/10 | AE32: 1 | AF32: 10/10 | AG32: 17756 | AH32: 1775.6 | AI32: 1728 | AJ32: (FSE_Bitvector_Mode_Incorrect_Update_for_Loop_Iterator_1_T_Loop19_TestCase8, YES, 1738) (FSE_Bitvector_Mode_Incorrect_Update_for_Loop_Iterator_1_T_Loop19_TestCase9, YES, 1858) (FSE_Bitvector_Mode_Incorrect_Update_for_Loop_Iterator_1_T_Loop19_TestCase10, YES, 2078) (FSE_Bitvector_Mode_Incorrect_Update_for_Loop_Iterator_1_T_Loop19_TestCase7, YES, 2053) (FSE_Bitvector_Mode_Incorrect_Update_for_Loop_Iterator_1_T_Loop19_TestCase6, YES, 1841) (FSE_Bitvector_Mode_Incorrect_Update_for_Loop_Iterator_1_T_Loop19_TestCase4, YES, 1735) (FSE_Bitvector_Mode_Incorrect_Update_for_Loop_Iterator_1_T_Loop19_TestCase5, YES, 1852) (FSE_Bitvector_Mode_Incorrect_Update_for_Loop_Iterator_1_T_Loop19_TestCase1, YES, 2069) (FSE_Bitvector_Mode_Incorrect_Update_for_Loop_Iterator_1_T_Loop19_TestCase2, YES, 1722) (FSE_Bitvector_Mode_Incorrect_Update_for_Loop_Iterator_1_T_Loop19_TestCase3, YES, 1761) | AK32: correct | AL32: 1 | AM32: 10/10 | AP32: 1 | AQ32: 10/10 | AR32: 18707 | AS32: 1870.7 | AT32: 1846.5 | AU32: Overflow/Underflow
B33: Incorrect_Update_for_Loop_Iterator_2_NT.c | C33: (FSE_Bitvector_Mode_Incorrect_Update_for_Loop_Iterator_2_NT_Loop0_TestCase0, NO, 1957) | D33: correct | E33: 0 | F33: 0/0 | G33: 1 | H33: 1/1 | I33: 1 | J33: 1/1 | K33: 1957 | L33: 1957 | M33: 1957 | N33: (FSE_Bitvector_Mode_Incorrect_Update_for_Loop_Iterator_2_NT_Loop15_TestCase0, NO, 1805) | O33: correct | P33: 0 | Q33: 0/0 | R33: 1 | S33: 1/1 | T33: 1 | U33: 1/1 | V33: 1805 | W33: 1805 | X33: 1805 | Y33: (FSE_Bitvector_Mode_Incorrect_Update_for_Loop_Iterator_2_NT_Loop0_TestCase10, NO, 1696) (FSE_Bitvector_Mode_Incorrect_Update_for_Loop_Iterator_2_NT_Loop0_TestCase8, NO, 1739) (FSE_Bitvector_Mode_Incorrect_Update_for_Loop_Iterator_2_NT_Loop0_TestCase9, NO, 1742) (FSE_Bitvector_Mode_Incorrect_Update_for_Loop_Iterator_2_NT_Loop0_TestCase2, YES, 1708) (FSE_Bitvector_Mode_Incorrect_Update_for_Loop_Iterator_2_NT_Loop0_TestCase3, YES, 1757) (FSE_Bitvector_Mode_Incorrect_Update_for_Loop_Iterator_2_NT_Loop0_TestCase1, YES, 1700) (FSE_Bitvector_Mode_Incorrect_Update_for_Loop_Iterator_2_NT_Loop0_TestCase4, YES, 1766) (FSE_Bitvector_Mode_Incorrect_Update_for_Loop_Iterator_2_NT_Loop0_TestCase5, YES, 2963) (FSE_Bitvector_Mode_Incorrect_Update_for_Loop_Iterator_2_NT_Loop0_TestCase7, NO, 1686) (FSE_Bitvector_Mode_Incorrect_Update_for_Loop_Iterator_2_NT_Loop0_TestCase6, NO, 1677) | Z33: correct | AA33: 1 | AB33: 5/5 | AC33: 1 | AD33: 5/5 | AE33: 1 | AF33: 10/10 | AG33: 18434 | AH33: 1843.4 | AI33: 1723.5 | AJ33: (FSE_Bitvector_Mode_Incorrect_Update_for_Loop_Iterator_2_NT_Loop15_TestCase10, NO, 1810) (FSE_Bitvector_Mode_Incorrect_Update_for_Loop_Iterator_2_NT_Loop15_TestCase1, YES, 1745) (FSE_Bitvector_Mode_Incorrect_Update_for_Loop_Iterator_2_NT_Loop15_TestCase2, YES, 1742) (FSE_Bitvector_Mode_Incorrect_Update_for_Loop_Iterator_2_NT_Loop15_TestCase3, YES, 1785) (FSE_Bitvector_Mode_Incorrect_Update_for_Loop_Iterator_2_NT_Loop15_TestCase7, NO, 1739) (FSE_Bitvector_Mode_Incorrect_Update_for_Loop_Iterator_2_NT_Loop15_TestCase6, NO, 1786) (FSE_Bitvector_Mode_Incorrect_Update_for_Loop_Iterator_2_NT_Loop15_TestCase4, YES, 1779) (FSE_Bitvector_Mode_Incorrect_Update_for_Loop_Iterator_2_NT_Loop15_TestCase5, YES, 2265) (FSE_Bitvector_Mode_Incorrect_Update_for_Loop_Iterator_2_NT_Loop15_TestCase8, NO, 1703) (FSE_Bitvector_Mode_Incorrect_Update_for_Loop_Iterator_2_NT_Loop15_TestCase9, NO, 1775) | AK33: correct | AL33: 1 | AM33: 5/5 | AN33: 1 | AO33: 5/5 | AP33: 1 | AQ33: 10/10 | AR33: 18129 | AS33: 1812.9 | AT33: 1777 | AU33: Overflow/Underflow
B34: Incorrect_Update_for_Loop_Iterator_2_T.c | C34: (FSE_Bitvector_Mode_Incorrect_Update_for_Loop_Iterator_2_T_Loop0_TestCase0, YES, 2776) | D34: correct | E34: 1 | F34: 1/1 | I34: 1 | J34: 1/1 | K34: 2776 | L34: 2776 | M34: 2776 | N34: (FSE_Bitvector_Mode_Incorrect_Update_for_Loop_Iterator_2_T_Loop14_TestCase0, YES, 2461) | O34: correct | P34: 1 | Q34: 1/1 | T34: 1 | U34: 1/1 | V34: 2461 | W34: 2461 | X34: 2461 | Y34: (FSE_Bitvector_Mode_Incorrect_Update_for_Loop_Iterator_2_T_Loop0_TestCase2, YES, 1823) (FSE_Bitvector_Mode_Incorrect_Update_for_Loop_Iterator_2_T_Loop0_TestCase3, YES, 1723) (FSE_Bitvector_Mode_Incorrect_Update_for_Loop_Iterator_2_T_Loop0_TestCase1, YES, 1732) (FSE_Bitvector_Mode_Incorrect_Update_for_Loop_Iterator_2_T_Loop0_TestCase4, YES, 1755) (FSE_Bitvector_Mode_Incorrect_Update_for_Loop_Iterator_2_T_Loop0_TestCase5, YES, 2385) (FSE_Bitvector_Mode_Incorrect_Update_for_Loop_Iterator_2_T_Loop0_TestCase7, YES, 1726) (FSE_Bitvector_Mode_Incorrect_Update_for_Loop_Iterator_2_T_Loop0_TestCase10, YES, 2191) (FSE_Bitvector_Mode_Incorrect_Update_for_Loop_Iterator_2_T_Loop0_TestCase6, YES, 1683) (FSE_Bitvector_Mode_Incorrect_Update_for_Loop_Iterator_2_T_Loop0_TestCase8, YES, 2449) (FSE_Bitvector_Mode_Incorrect_Update_for_Loop_Iterator_2_T_Loop0_TestCase9, YES, 2254) | Z34: correct | AA34: 1 | AB34: 10/10 | AE34: 1 | AF34: 10/10 | AG34: 19721 | AH34: 1972.1 | AI34: 1789 | AJ34: (FSE_Bitvector_Mode_Incorrect_Update_for_Loop_Iterator_2_T_Loop14_TestCase8, YES, 2349) (FSE_Bitvector_Mode_Incorrect_Update_for_Loop_Iterator_2_T_Loop14_TestCase9, YES, 2365) (FSE_Bitvector_Mode_Incorrect_Update_for_Loop_Iterator_2_T_Loop14_TestCase2, YES, 1748) (FSE_Bitvector_Mode_Incorrect_Update_for_Loop_Iterator_2_T_Loop14_TestCase3, YES, 1755) (FSE_Bitvector_Mode_Incorrect_Update_for_Loop_Iterator_2_T_Loop14_TestCase10, YES, 2258) (FSE_Bitvector_Mode_Incorrect_Update_for_Loop_Iterator_2_T_Loop14_TestCase1, YES, 1902) (FSE_Bitvector_Mode_Incorrect_Update_for_Loop_Iterator_2_T_Loop14_TestCase4, YES, 1915) (FSE_Bitvector_Mode_Incorrect_Update_for_Loop_Iterator_2_T_Loop14_TestCase5, YES, 2255) (FSE_Bitvector_Mode_Incorrect_Update_for_Loop_Iterator_2_T_Loop14_TestCase7, YES, 1732) (FSE_Bitvector_Mode_Incorrect_Update_for_Loop_Iterator_2_T_Loop14_TestCase6, YES, 2018) | AK34: correct | AL34: 1 | AM34: 10/10 | AP34: 1 | AQ34: 10/10 | AR34: 20297 | AS34: 2029.7 | AT34: 1966.5 | AU34: Overflow/Underflow
B35: Incorrect_Update_for_Loop_Iterator_3_NT.c | C35: (FSE_Bitvector_Mode_Incorrect_Update_for_Loop_Iterator_3_NT_Loop0_TestCase0, NO, 2108) | D35: correct | E35: 0 | F35: 0/0 | G35: 1 | H35: 1/1 | I35: 1 | J35: 1/1 | K35: 2108 | L35: 2108 | M35: 2108 | N35: (FSE_Bitvector_Mode_Incorrect_Update_for_Loop_Iterator_3_NT_Loop18_TestCase0, NO, 2006) | O35: correct | P35: 0 | Q35: 0/0 | R35: 1 | S35: 1/1 | T35: 1 | U35: 1/1 | V35: 2006 | W35: 2006 | X35: 2006 | Y35: (FSE_Bitvector_Mode_Incorrect_Update_for_Loop_Iterator_3_NT_Loop0_TestCase9, NO, 1702) (FSE_Bitvector_Mode_Incorrect_Update_for_Loop_Iterator_3_NT_Loop0_TestCase8, NO, 1707) (FSE_Bitvector_Mode_Incorrect_Update_for_Loop_Iterator_3_NT_Loop0_TestCase10, NO, 1733) (FSE_Bitvector_Mode_Incorrect_Update_for_Loop_Iterator_3_NT_Loop0_TestCase6, NO, 1748) (FSE_Bitvector_Mode_Incorrect_Update_for_Loop_Iterator_3_NT_Loop0_TestCase7, NO, 1739) (FSE_Bitvector_Mode_Incorrect_Update_for_Loop_Iterator_3_NT_Loop0_TestCase5, YES, 1952) (FSE_Bitvector_Mode_Incorrect_Update_for_Loop_Iterator_3_NT_Loop0_TestCase4, YES, 1913) (FSE_Bitvector_Mode_Incorrect_Update_for_Loop_Iterator_3_NT_Loop0_TestCase1, YES, 1791) (FSE_Bitvector_Mode_Incorrect_Update_for_Loop_Iterator_3_NT_Loop0_TestCase3, YES, 1682) (FSE_Bitvector_Mode_Incorrect_Update_for_Loop_Iterator_3_NT_Loop0_TestCase2, YES, 1966) | Z35: correct | AA35: 1 | AB35: 5/5 | AC35: 1 | AD35: 5/5 | AE35: 1 | AF35: 10/10 | AG35: 17933 | AH35: 1793.3 | AI35: 1743.5 | AJ35: (FSE_Bitvector_Mode_Incorrect_Update_for_Loop_Iterator_3_NT_Loop18_TestCase10, NO, 1715) (FSE_Bitvector_Mode_Incorrect_Update_for_Loop_Iterator_3_NT_Loop18_TestCase9, NO, 1715) (FSE_Bitvector_Mode_Incorrect_Update_for_Loop_Iterator_3_NT_Loop18_TestCase8, NO, 1668) (FSE_Bitvector_Mode_Incorrect_Update_for_Loop_Iterator_3_NT_Loop18_TestCase5, YES, 1847) (FSE_Bitvector_Mode_Incorrect_Update_for_Loop_Iterator_3_NT_Loop18_TestCase4, YES, 2030) (FSE_Bitvector_Mode_Incorrect_Update_for_Loop_Iterator_3_NT_Loop18_TestCase6, NO, 1731) (FSE_Bitvector_Mode_Incorrect_Update_for_Loop_Iterator_3_NT_Loop18_TestCase7, NO, 1758) (FSE_Bitvector_Mode_Incorrect_Update_for_Loop_Iterator_3_NT_Loop18_TestCase3, YES, 1717) (FSE_Bitvector_Mode_Incorrect_Update_for_Loop_Iterator_3_NT_Loop18_TestCase2, YES, 2134) (FSE_Bitvector_Mode_Incorrect_Update_for_Loop_Iterator_3_NT_Loop18_TestCase1, YES, 1794) | AK35: correct | AL35: 1 | AM35: 5/5 | AN35: 1 | AO35: 5/5 | AP35: 1 | AQ35: 10/10 | AR35: 18109 | AS35: 1810.9 | AT35: 1744.5 | AU35: Overflow/Underflow
B36: Missing_Corner-case_Handling_1_NT.c | C36: (FSE_Bitvector_Mode_Missing_Corner-case_Handling_1_NT_Loop0_TestCase0, NO, 1905) | D36: correct | E36: 0 | F36: 0/0 | G36: 1 | H36: 1/1 | I36: 1 | J36: 1/1 | K36: 1905 | L36: 1905 | M36: 1905 | N36: (FSE_Bitvector_Mode_Missing_Corner-case_Handling_1_NT_Loop40_TestCase0, NO, 1849) | O36: correct | P36: 0 | Q36: 0/0 | R36: 1 | S36: 1/1 | T36: 1 | U36: 1/1 | V36: 1849 | W36: 1849 | X36: 1849 | Y36: (FSE_Bitvector_Mode_Missing_Corner-case_Handling_1_NT_Loop0_TestCase5, YES, 1754) (FSE_Bitvector_Mode_Missing_Corner-case_Handling_1_NT_Loop0_TestCase4, YES, 1740) (FSE_Bitvector_Mode_Missing_Corner-case_Handling_1_NT_Loop0_TestCase6, NO, 1750) (FSE_Bitvector_Mode_Missing_Corner-case_Handling_1_NT_Loop0_TestCase7, NO, 1764) (FSE_Bitvector_Mode_Missing_Corner-case_Handling_1_NT_Loop0_TestCase3, YES, 1744) (FSE_Bitvector_Mode_Missing_Corner-case_Handling_1_NT_Loop0_TestCase2, YES, 1736) (FSE_Bitvector_Mode_Missing_Corner-case_Handling_1_NT_Loop0_TestCase1, YES, 1790) (FSE_Bitvector_Mode_Missing_Corner-case_Handling_1_NT_Loop0_TestCase10, NO, 1724) (FSE_Bitvector_Mode_Missing_Corner-case_Handling_1_NT_Loop0_TestCase9, NO, 1762) (FSE_Bitvector_Mode_Missing_Corner-case_Handling_1_NT_Loop0_TestCase8, NO, 1776) | Z36: correct | AA36: 1 | AB36: 5/5 | AC36: 1 | AD36: 5/5 | AE36: 1 | AF36: 10/10 | AG36: 17540 | AH36: 1754 | AI36: 1752 | AJ36: (FSE_Bitvector_Mode_Missing_Corner-case_Handling_1_NT_Loop40_TestCase9, NO, 1786) (FSE_Bitvector_Mode_Missing_Corner-case_Handling_1_NT_Loop40_TestCase8, NO, 1789) (FSE_Bitvector_Mode_Missing_Corner-case_Handling_1_NT_Loop40_TestCase5, YES, 1741) (FSE_Bitvector_Mode_Missing_Corner-case_Handling_1_NT_Loop40_TestCase4, YES, 1876) (FSE_Bitvector_Mode_Missing_Corner-case_Handling_1_NT_Loop40_TestCase6, NO, 1812) (FSE_Bitvector_Mode_Missing_Corner-case_Handling_1_NT_Loop40_TestCase7, NO, 1752) (FSE_Bitvector_Mode_Missing_Corner-case_Handling_1_NT_Loop40_TestCase3, YES, 1736) (FSE_Bitvector_Mode_Missing_Corner-case_Handling_1_NT_Loop40_TestCase2, YES, 1780) (FSE_Bitvector_Mode_Missing_Corner-case_Handling_1_NT_Loop40_TestCase10, NO, 1761) (FSE_Bitvector_Mode_Missing_Corner-case_Handling_1_NT_Loop40_TestCase1, YES, 1795) | AK36: correct | AL36: 1 | AM36: 5/5 | AN36: 1 | AO36: 5/5 | AP36: 1 | AQ36: 10/10 | AR36: 17828 | AS36: 1782.8 | AT36: 1783
B37: Missing_Corner-case_Handling_1_T.c | C37: (FSE_Bitvector_Mode_Missing_Corner-case_Handling_1_T_Loop0_TestCase0, YES, 1932) | D37: correct | E37: 1 | F37: 1/1 | I37: 1 | J37: 1/1 | K37: 1932 | L37: 1932 | M37: 1932 | N37: (FSE_Bitvector_Mode_Missing_Corner-case_Handling_1_T_Loop40_TestCase0, YES, 1845) | O37: correct | P37: 1 | Q37: 1/1 | T37: 1 | U37: 1/1 | V37: 1845 | W37: 1845 | X37: 1845 | Y37: (FSE_Bitvector_Mode_Missing_Corner-case_Handling_1_T_Loop0_TestCase1, YES, 1752) (FSE_Bitvector_Mode_Missing_Corner-case_Handling_1_T_Loop0_TestCase3, YES, 1751) (FSE_Bitvector_Mode_Missing_Corner-case_Handling_1_T_Loop0_TestCase2, YES, 1793) (FSE_Bitvector_Mode_Missing_Corner-case_Handling_1_T_Loop0_TestCase6, YES, 1752) (FSE_Bitvector_Mode_Missing_Corner-case_Handling_1_T_Loop0_TestCase7, YES, 1844) (FSE_Bitvector_Mode_Missing_Corner-case_Handling_1_T_Loop0_TestCase5, YES, 1801) (FSE_Bitvector_Mode_Missing_Corner-case_Handling_1_T_Loop0_TestCase4, YES, 1734) (FSE_Bitvector_Mode_Missing_Corner-case_Handling_1_T_Loop0_TestCase10, YES, 1733) (FSE_Bitvector_Mode_Missing_Corner-case_Handling_1_T_Loop0_TestCase9, YES, 1752) (FSE_Bitvector_Mode_Missing_Corner-case_Handling_1_T_Loop0_TestCase8, YES, 1746) | Z37: correct | AA37: 1 | AB37: 10/10 | AE37: 1 | AF37: 10/10 | AG37: 17658 | AH37: 1765.8 | AI37: 1752 | AJ37: (FSE_Bitvector_Mode_Missing_Corner-case_Handling_1_T_Loop40_TestCase2, YES, 1777) (FSE_Bitvector_Mode_Missing_Corner-case_Handling_1_T_Loop40_TestCase3, YES, 1829) (FSE_Bitvector_Mode_Missing_Corner-case_Handling_1_T_Loop40_TestCase1, YES, 1729) (FSE_Bitvector_Mode_Missing_Corner-case_Handling_1_T_Loop40_TestCase10, YES, 1753) (FSE_Bitvector_Mode_Missing_Corner-case_Handling_1_T_Loop40_TestCase4, YES, 1784) (FSE_Bitvector_Mode_Missing_Corner-case_Handling_1_T_Loop40_TestCase5, YES, 1770) (FSE_Bitvector_Mode_Missing_Corner-case_Handling_1_T_Loop40_TestCase7, YES, 1776) (FSE_Bitvector_Mode_Missing_Corner-case_Handling_1_T_Loop40_TestCase6, YES, 2165) (FSE_Bitvector_Mode_Missing_Corner-case_Handling_1_T_Loop40_TestCase8, YES, 1767) (FSE_Bitvector_Mode_Missing_Corner-case_Handling_1_T_Loop40_TestCase9, YES, 1772) | AK37: correct | AL37: 1 | AM37: 10/10 | AP37: 1 | AQ37: 10/10 | AR37: 18122 | AS37: 1812.2 | AT37: 1774
B38: Missing_Corner-case_Handling_2_NT.c | C38: (FSE_Bitvector_Mode_Missing_Corner-case_Handling_2_NT_Loop0_TestCase0, NO, 1718) | D38: correct | E38: 0 | F38: 0/0 | G38: 1 | H38: 1/1 | I38: 1 | J38: 1/1 | K38: 1718 | L38: 1718 | M38: 1718 | N38: (FSE_Bitvector_Mode_Missing_Corner-case_Handling_2_NT_Loop17_TestCase0, NO, 1778) | O38: correct | P38: 0 | Q38: 0/0 | R38: 1 | S38: 1/1 | T38: 1 | U38: 1/1 | V38: 1778 | W38: 1778 | X38: 1778 | Y38: (FSE_Bitvector_Mode_Missing_Corner-case_Handling_2_NT_Loop0_TestCase10, NO, 1704) (FSE_Bitvector_Mode_Missing_Corner-case_Handling_2_NT_Loop0_TestCase1, YES, 1725) (FSE_Bitvector_Mode_Missing_Corner-case_Handling_2_NT_Loop0_TestCase3, YES, 1708) (FSE_Bitvector_Mode_Missing_Corner-case_Handling_2_NT_Loop0_TestCase2, YES, 1675) (FSE_Bitvector_Mode_Missing_Corner-case_Handling_2_NT_Loop0_TestCase6, NO, 1716) (FSE_Bitvector_Mode_Missing_Corner-case_Handling_2_NT_Loop0_TestCase7, NO, 1716) (FSE_Bitvector_Mode_Missing_Corner-case_Handling_2_NT_Loop0_TestCase5, YES, 1813) (FSE_Bitvector_Mode_Missing_Corner-case_Handling_2_NT_Loop0_TestCase4, YES, 1723) (FSE_Bitvector_Mode_Missing_Corner-case_Handling_2_NT_Loop0_TestCase9, NO, 1702) (FSE_Bitvector_Mode_Missing_Corner-case_Handling_2_NT_Loop0_TestCase8, NO, 1716) | Z38: correct | AA38: 1 | AB38: 5/5 | AC38: 1 | AD38: 5/5 | AE38: 1 | AF38: 10/10 | AG38: 17198 | AH38: 1719.8 | AI38: 1716 | AJ38: (FSE_Bitvector_Mode_Missing_Corner-case_Handling_2_NT_Loop17_TestCase8, NO, 1760) (FSE_Bitvector_Mode_Missing_Corner-case_Handling_2_NT_Loop17_TestCase9, NO, 1782) (FSE_Bitvector_Mode_Missing_Corner-case_Handling_2_NT_Loop17_TestCase2, YES, 1729) (FSE_Bitvector_Mode_Missing_Corner-case_Handling_2_NT_Loop17_TestCase3, YES, 1735) (FSE_Bitvector_Mode_Missing_Corner-case_Handling_2_NT_Loop17_TestCase1, YES, 1701) (FSE_Bitvector_Mode_Missing_Corner-case_Handling_2_NT_Loop17_TestCase4, YES, 1735) (FSE_Bitvector_Mode_Missing_Corner-case_Handling_2_NT_Loop17_TestCase5, YES, 1749) (FSE_Bitvector_Mode_Missing_Corner-case_Handling_2_NT_Loop17_TestCase7, NO, 2006) (FSE_Bitvector_Mode_Missing_Corner-case_Handling_2_NT_Loop17_TestCase6, NO, 1809) (FSE_Bitvector_Mode_Missing_Corner-case_Handling_2_NT_Loop17_TestCase10, NO, 1712) | AK38: correct | AL38: 1 | AM38: 5/5 | AN38: 1 | AO38: 5/5 | AP38: 1 | AQ38: 10/10 | AR38: 17718 | AS38: 1771.8 | AT38: 1742 | AU38: Bit Calculation
B39: Missing_Corner-case_Handling_2_T.c | C39: (FSE_Bitvector_Mode_Missing_Corner-case_Handling_2_T_Loop0_TestCase0, YES, 2110) | D39: correct | E39: 1 | F39: 1/1 | I39: 1 | J39: 1/1 | K39: 2110 | L39: 2110 | M39: 2110 | N39: (FSE_Bitvector_Mode_Missing_Corner-case_Handling_2_T_Loop16_TestCase0, YES, 1783) | O39: correct | P39: 1 | Q39: 1/1 | T39: 1 | U39: 1/1 | V39: 1783 | W39: 1783 | X39: 1783 | Y39: (FSE_Bitvector_Mode_Missing_Corner-case_Handling_2_T_Loop0_TestCase8, YES, 1717) (FSE_Bitvector_Mode_Missing_Corner-case_Handling_2_T_Loop0_TestCase9, YES, 1723) (FSE_Bitvector_Mode_Missing_Corner-case_Handling_2_T_Loop0_TestCase4, YES, 1692) (FSE_Bitvector_Mode_Missing_Corner-case_Handling_2_T_Loop0_TestCase5, YES, 1812) (FSE_Bitvector_Mode_Missing_Corner-case_Handling_2_T_Loop0_TestCase7, YES, 1714) (FSE_Bitvector_Mode_Missing_Corner-case_Handling_2_T_Loop0_TestCase6, YES, 1733) (FSE_Bitvector_Mode_Missing_Corner-case_Handling_2_T_Loop0_TestCase2, YES, 1710) (FSE_Bitvector_Mode_Missing_Corner-case_Handling_2_T_Loop0_TestCase10, YES, 1728) (FSE_Bitvector_Mode_Missing_Corner-case_Handling_2_T_Loop0_TestCase3, YES, 1719) (FSE_Bitvector_Mode_Missing_Corner-case_Handling_2_T_Loop0_TestCase1, YES, 1684) | Z39: correct | AA39: 1 | AB39: 10/10 | AE39: 1 | AF39: 10/10 | AG39: 17232 | AH39: 1723.2 | AI39: 1718 | AJ39: (FSE_Bitvector_Mode_Missing_Corner-case_Handling_2_T_Loop16_TestCase8, YES, 1696) (FSE_Bitvector_Mode_Missing_Corner-case_Handling_2_T_Loop16_TestCase9, YES, 1739) (FSE_Bitvector_Mode_Missing_Corner-case_Handling_2_T_Loop16_TestCase2, YES, 1730) (FSE_Bitvector_Mode_Missing_Corner-case_Handling_2_T_Loop16_TestCase3, YES, 1731) (FSE_Bitvector_Mode_Missing_Corner-case_Handling_2_T_Loop16_TestCase1, YES, 1715) (FSE_Bitvector_Mode_Missing_Corner-case_Handling_2_T_Loop16_TestCase4, YES, 1736) (FSE_Bitvector_Mode_Missing_Corner-case_Handling_2_T_Loop16_TestCase5, YES, 1710) (FSE_Bitvector_Mode_Missing_Corner-case_Handling_2_T_Loop16_TestCase7, YES, 2022) (FSE_Bitvector_Mode_Missing_Corner-case_Handling_2_T_Loop16_TestCase10, YES, 1720) (FSE_Bitvector_Mode_Missing_Corner-case_Handling_2_T_Loop16_TestCase6, YES, 1770) | AK39: correct | AL39: 1 | AM39: 10/10 | AP39: 1 | AQ39: 10/10 | AR39: 17569 | AS39: 1756.9 | AT39: 1730.5 | AU39: Bit Calculation
B40: Missing_Corner-case_Handling_3_NT.c | C40: (FSE_Bitvector_Mode_Missing_Corner-case_Handling_3_NT_Loop0_TestCase0, TIMEOUT, 302032) | D40: correct | E40: 0 | F40: 0/0 | G40: 0 | H40: 0/1 | I40: 0 | J40: 0/1 | K40: 0 | L40: 0 | M40: 0 | N40: (FSE_Bitvector_Mode_Missing_Corner-case_Handling_3_NT_Loop19_TestCase0, TIMEOUT, 302022) (FSE_Bitvector_Mode_Missing_Corner-case_Handling_3_NT_Loop33_TestCase0, TIMEOUT, 301721) (FSE_Bitvector_Mode_Missing_Corner-case_Handling_3_NT_Loop31_TestCase0, TIMEOUT, 301976) (FSE_Bitvector_Mode_Missing_Corner-case_Handling_3_NT_Loop21_TestCase0, TIMEOUT, 302034) | O40: correct | P40: 0 | Q40: 0/0 | R40: 0 | S40: 0/4 | T40: 0 | U40: 0/4 | V40: 0 | W40: 0 | X40: 0 | Y40: (FSE_Bitvector_Mode_Missing_Corner-case_Handling_3_NT_Loop0_TestCase4, TIMEOUT, 301766) (FSE_Bitvector_Mode_Missing_Corner-case_Handling_3_NT_Loop0_TestCase5, TIMEOUT, 301889) (FSE_Bitvector_Mode_Missing_Corner-case_Handling_3_NT_Loop0_TestCase7, TIMEOUT, 301941) (FSE_Bitvector_Mode_Missing_Corner-case_Handling_3_NT_Loop0_TestCase6, TIMEOUT, 301986) (FSE_Bitvector_Mode_Missing_Corner-case_Handling_3_NT_Loop0_TestCase2, TIMEOUT, 301855) (FSE_Bitvector_Mode_Missing_Corner-case_Handling_3_NT_Loop0_TestCase3, TIMEOUT, 301827) (FSE_Bitvector_Mode_Missing_Corner-case_Handling_3_NT_Loop0_TestCase1, TIMEOUT, 301724) (FSE_Bitvector_Mode_Missing_Corner-case_Handling_3_NT_Loop0_TestCase8, TIMEOUT, 302023) (FSE_Bitvector_Mode_Missing_Corner-case_Handling_3_NT_Loop0_TestCase9, TIMEOUT, 301717) (FSE_Bitvector_Mode_Missing_Corner-case_Handling_3_NT_Loop0_TestCase10, TIMEOUT, 301838) | Z40: correct | AA40: 0 | AB40: 0/5 | AC40: 0 | AD40: 0/5 | AE40: 0 | AF40: 0/10 | AG40: 0 | AH40: 0 | AI40: 0 | AJ40: (FSE_Bitvector_Mode_Missing_Corner-case_Handling_3_NT_Loop33_TestCase10, TIMEOUT, 301995) (FSE_Bitvector_Mode_Missing_Corner-case_Handling_3_NT_Loop21_TestCase10, TIMEOUT, 301981) (FSE_Bitvector_Mode_Missing_Corner-case_Handling_3_NT_Loop19_TestCase3, TIMEOUT, 302027) (FSE_Bitvector_Mode_Missing_Corner-case_Handling_3_NT_Loop31_TestCase9, TIMEOUT, 302051) (FSE_Bitvector_Mode_Missing_Corner-case_Handling_3_NT_Loop33_TestCase2, TIMEOUT, 302215) (FSE_Bitvector_Mode_Missing_Corner-case_Handling_3_NT_Loop33_TestCase3, TIMEOUT, 302200) (FSE_Bitvector_Mode_Missing_Corner-case_Handling_3_NT_Loop31_TestCase8, TIMEOUT, 301971) (FSE_Bitvector_Mode_Missing_Corner-case_Handling_3_NT_Loop19_TestCase2, TIMEOUT, 302003) (FSE_Bitvector_Mode_Missing_Corner-case_Handling_3_NT_Loop33_TestCase1, TIMEOUT, 302130) (FSE_Bitvector_Mode_Missing_Corner-case_Handling_3_NT_Loop19_TestCase1, TIMEOUT, 302009) (FSE_Bitvector_Mode_Missing_Corner-case_Handling_3_NT_Loop19_TestCase5, TIMEOUT, 301973) (FSE_Bitvector_Mode_Missing_Corner-case_Handling_3_NT_Loop33_TestCase4, TIMEOUT, 302053) (FSE_Bitvector_Mode_Missing_Corner-case_Handling_3_NT_Loop33_TestCase5, TIMEOUT, 302000) (FSE_Bitvector_Mode_Missing_Corner-case_Handling_3_NT_Loop19_TestCase4, TIMEOUT, 302067) (FSE_Bitvector_Mode_Missing_Corner-case_Handling_3_NT_Loop19_TestCase6, TIMEOUT, 302064) (FSE_Bitvector_Mode_Missing_Corner-case_Handling_3_NT_Loop33_TestCase7, TIMEOUT, 302088) (FSE_Bitvector_Mode_Missing_Corner-case_Handling_3_NT_Loop21_TestCase8, TIMEOUT, 301900) (FSE_Bitvector_Mode_Missing_Corner-case_Handling_3_NT_Loop31_TestCase10, TIMEOUT, 302067) (FSE_Bitvector_Mode_Missing_Corner-case_Handling_3_NT_Loop21_TestCase9, TIMEOUT, 302107) (FSE_Bitvector_Mode_Missing_Corner-case_Handling_3_NT_Loop33_TestCase6, TIMEOUT, 302058) (FSE_Bitvector_Mode_Missing_Corner-case_Handling_3_NT_Loop19_TestCase7, TIMEOUT, 302098) (FSE_Bitvector_Mode_Missing_Corner-case_Handling_3_NT_Loop21_TestCase4, TIMEOUT, 302070) (FSE_Bitvector_Mode_Missing_Corner-case_Handling_3_NT_Loop21_TestCase5, TIMEOUT, 301925) (FSE_Bitvector_Mode_Missing_Corner-case_Handling_3_NT_Loop31_TestCase1, TIMEOUT, 302098) (FSE_Bitvector_Mode_Missing_Corner-case_Handling_3_NT_Loop19_TestCase9, TIMEOUT, 301996) (FSE_Bitvector_Mode_Missing_Corner-case_Handling_3_NT_Loop31_TestCase3, TIMEOUT, 302102) (FSE_Bitvector_Mode_Missing_Corner-case_Handling_3_NT_Loop33_TestCase8, TIMEOUT, 302077) (FSE_Bitvector_Mode_Missing_Corner-case_Handling_3_NT_Loop21_TestCase7, TIMEOUT, 302023) (FSE_Bitvector_Mode_Missing_Corner-case_Handling_3_NT_Loop21_TestCase6, TIMEOUT, 302273) (FSE_Bitvector_Mode_Missing_Corner-case_Handling_3_NT_Loop33_TestCase9, TIMEOUT, 301991) (FSE_Bitvector_Mode_Missing_Corner-case_Handling_3_NT_Loop31_TestCase2, TIMEOUT, 302081) (FSE_Bitvector_Mode_Missing_Corner-case_Handling_3_NT_Loop19_TestCase8, TIMEOUT, 302013) (FSE_Bitvector_Mode_Missing_Corner-case_Handling_3_NT_Loop31_TestCase6, TIMEOUT, 302058) (FSE_Bitvector_Mode_Missing_Corner-case_Handling_3_NT_Loop21_TestCase2, TIMEOUT, 302008) (FSE_Bitvector_Mode_Missing_Corner-case_Handling_3_NT_Loop21_TestCase3, TIMEOUT, 302319) (FSE_Bitvector_Mode_Missing_Corner-case_Handling_3_NT_Loop31_TestCase7, TIMEOUT, 302242) (FSE_Bitvector_Mode_Missing_Corner-case_Handling_3_NT_Loop19_TestCase10, TIMEOUT, 302148) (FSE_Bitvector_Mode_Missing_Corner-case_Handling_3_NT_Loop31_TestCase5, TIMEOUT, 301894) (FSE_Bitvector_Mode_Missing_Corner-case_Handling_3_NT_Loop21_TestCase1, TIMEOUT, 301949) (FSE_Bitvector_Mode_Missing_Corner-case_Handling_3_NT_Loop31_TestCase4, TIMEOUT, 302015) | AK40: correct | AL40: 0 | AM40: 0/20 | AN40: 0 | AO40: 0/20 | AP40: 0 | AQ40: 0/40 | AR40: 0 | AS40: 0 | AT40: 0 | AU40: Two-Dimentional Array
B41: Missing_Corner-case_Handling_3_T.c | C41: (FSE_Bitvector_Mode_Missing_Corner-case_Handling_3_T_Loop0_TestCase0, TIMEOUT, 302111) | D41: correct | E41: 0 | F41: 0/1 | I41: 0 | J41: 0/1 | K41: 0 | L41: 0 | M41: 0 | N41: (FSE_Bitvector_Mode_Missing_Corner-case_Handling_3_T_Loop33_TestCase0, TIMEOUT, 302031) (FSE_Bitvector_Mode_Missing_Corner-case_Handling_3_T_Loop19_TestCase0, TIMEOUT, 302023) (FSE_Bitvector_Mode_Missing_Corner-case_Handling_3_T_Loop21_TestCase0, TIMEOUT, 302047) (FSE_Bitvector_Mode_Missing_Corner-case_Handling_3_T_Loop31_TestCase0, TIMEOUT, 302047) | O41: correct | P41: 0 | Q41: 0/4 | T41: 0 | U41: 0/4 | V41: 0 | W41: 0 | X41: 0 | Y41: (FSE_Bitvector_Mode_Missing_Corner-case_Handling_3_T_Loop0_TestCase7, TIMEOUT, 301722) (FSE_Bitvector_Mode_Missing_Corner-case_Handling_3_T_Loop0_TestCase6, TIMEOUT, 301704) (FSE_Bitvector_Mode_Missing_Corner-case_Handling_3_T_Loop0_TestCase4, TIMEOUT, 301669) (FSE_Bitvector_Mode_Missing_Corner-case_Handling_3_T_Loop0_TestCase5, TIMEOUT, 301691) (FSE_Bitvector_Mode_Missing_Corner-case_Handling_3_T_Loop0_TestCase1, YES, 3176) (FSE_Bitvector_Mode_Missing_Corner-case_Handling_3_T_Loop0_TestCase2, TIMEOUT, 301969) (FSE_Bitvector_Mode_Missing_Corner-case_Handling_3_T_Loop0_TestCase3, YES, 217601) (FSE_Bitvector_Mode_Missing_Corner-case_Handling_3_T_Loop0_TestCase10, TIMEOUT, 301674) (FSE_Bitvector_Mode_Missing_Corner-case_Handling_3_T_Loop0_TestCase8, TIMEOUT, 301682) (FSE_Bitvector_Mode_Missing_Corner-case_Handling_3_T_Loop0_TestCase9, TIMEOUT, 301682) | Z41: correct | AA41: 0.2 | AB41: 2/10 | AE41: 0.2 | AF41: 2/10 | AG41: 220777 | AH41: 110388.5 | AI41: 110388.5 | AJ41: (FSE_Bitvector_Mode_Missing_Corner-case_Handling_3_T_Loop33_TestCase5, TIMEOUT, 301807) (FSE_Bitvector_Mode_Missing_Corner-case_Handling_3_T_Loop19_TestCase4, TIMEOUT, 303120) (FSE_Bitvector_Mode_Missing_Corner-case_Handling_3_T_Loop19_TestCase5, TIMEOUT, 301775) (FSE_Bitvector_Mode_Missing_Corner-case_Handling_3_T_Loop33_TestCase4, TIMEOUT, 301825) (FSE_Bitvector_Mode_Missing_Corner-case_Handling_3_T_Loop21_TestCase9, TIMEOUT, 301979) (FSE_Bitvector_Mode_Missing_Corner-case_Handling_3_T_Loop33_TestCase6, TIMEOUT, 301815) (FSE_Bitvector_Mode_Missing_Corner-case_Handling_3_T_Loop19_TestCase7, TIMEOUT, 301947) (FSE_Bitvector_Mode_Missing_Corner-case_Handling_3_T_Loop19_TestCase6, TIMEOUT, 302049) (FSE_Bitvector_Mode_Missing_Corner-case_Handling_3_T_Loop33_TestCase7, TIMEOUT, 301838) (FSE_Bitvector_Mode_Missing_Corner-case_Handling_3_T_Loop21_TestCase8, TIMEOUT, 301790) (FSE_Bitvector_Mode_Missing_Corner-case_Handling_3_T_Loop33_TestCase3, TIMEOUT, 302761) (FSE_Bitvector_Mode_Missing_Corner-case_Handling_3_T_Loop19_TestCase2, TIMEOUT, 301830) (FSE_Bitvector_Mode_Missing_Corner-case_Handling_3_T_Loop31_TestCase8, TIMEOUT, 301767) (FSE_Bitvector_Mode_Missing_Corner-case_Handling_3_T_Loop31_TestCase9, TIMEOUT, 301891) (FSE_Bitvector_Mode_Missing_Corner-case_Handling_3_T_Loop19_TestCase3, TIMEOUT, 301885) (FSE_Bitvector_Mode_Missing_Corner-case_Handling_3_T_Loop33_TestCase2, TIMEOUT, 301901) (FSE_Bitvector_Mode_Missing_Corner-case_Handling_3_T_Loop19_TestCase1, YES, 2623) (FSE_Bitvector_Mode_Missing_Corner-case_Handling_3_T_Loop33_TestCase1, YES, 5012) (FSE_Bitvector_Mode_Missing_Corner-case_Handling_3_T_Loop19_TestCase10, TIMEOUT, 301775) (FSE_Bitvector_Mode_Missing_Corner-case_Handling_3_T_Loop31_TestCase10, TIMEOUT, 301985) (FSE_Bitvector_Mode_Missing_Corner-case_Handling_3_T_Loop21_TestCase3, TIMEOUT, 301925) (FSE_Bitvector_Mode_Missing_Corner-case_Handling_3_T_Loop31_TestCase7, TIMEOUT, 301806) (FSE_Bitvector_Mode_Missing_Corner-case_Handling_3_T_Loop31_TestCase6, TIMEOUT, 301796) (FSE_Bitvector_Mode_Missing_Corner-case_Handling_3_T_Loop21_TestCase2, TIMEOUT, 301922) (FSE_Bitvector_Mode_Missing_Corner-case_Handling_3_T_Loop31_TestCase4, TIMEOUT, 301806) (FSE_Bitvector_Mode_Missing_Corner-case_Handling_3_T_Loop31_TestCase5, TIMEOUT, 301806) (FSE_Bitvector_Mode_Missing_Corner-case_Handling_3_T_Loop21_TestCase1, YES, 4500) (FSE_Bitvector_Mode_Missing_Corner-case_Handling_3_T_Loop21_TestCase5, TIMEOUT, 301732) (FSE_Bitvector_Mode_Missing_Corner-case_Handling_3_T_Loop33_TestCase10, TIMEOUT, 301800) (FSE_Bitvector_Mode_Missing_Corner-case_Handling_3_T_Loop31_TestCase1, YES, 2705) (FSE_Bitvector_Mode_Missing_Corner-case_Handling_3_T_Loop21_TestCase4, TIMEOUT, 301830) (FSE_Bitvector_Mode_Missing_Corner-case_Handling_3_T_Loop21_TestCase6, TIMEOUT, 301769) (FSE_Bitvector_Mode_Missing_Corner-case_Handling_3_T_Loop33_TestCase9, TIMEOUT, 301748) (FSE_Bitvector_Mode_Missing_Corner-case_Handling_3_T_Loop19_TestCase8, TIMEOUT, 301862) (FSE_Bitvector_Mode_Missing_Corner-case_Handling_3_T_Loop31_TestCase2, YES, 293109) (FSE_Bitvector_Mode_Missing_Corner-case_Handling_3_T_Loop21_TestCase10, TIMEOUT, 301778) (FSE_Bitvector_Mode_Missing_Corner-case_Handling_3_T_Loop31_TestCase3, TIMEOUT, 301783) (FSE_Bitvector_Mode_Missing_Corner-case_Handling_3_T_Loop19_TestCase9, TIMEOUT, 301815) (FSE_Bitvector_Mode_Missing_Corner-case_Handling_3_T_Loop33_TestCase8, TIMEOUT, 301817) (FSE_Bitvector_Mode_Missing_Corner-case_Handling_3_T_Loop21_TestCase7, TIMEOUT, 302351) | AK41: correct | AL41: 0.125 | AM41: 5/40 | AP41: 0.125 | AQ41: 5/40 | AR41: 307949 | AS41: 61589.8 | AT41: 4500 | AU41: Two-Dimentional Array
B42: Missing_Corner-case_Handling_4_NT.c | C42: (FSE_Bitvector_Mode_Missing_Corner-case_Handling_4_NT_Loop0_TestCase0, TIMEOUT, 302406) | D42: correct | E42: 0 | F42: 0/0 | G42: 0 | H42: 0/1 | I42: 0 | J42: 0/1 | K42: 0 | L42: 0 | M42: 0 | N42: (FSE_Bitvector_Mode_Missing_Corner-case_Handling_4_NT_Loop24_TestCase0, MAYBE, 1397) (FSE_Bitvector_Mode_Missing_Corner-case_Handling_4_NT_Loop37_TestCase0, MAYBE, 1755) (FSE_Bitvector_Mode_Missing_Corner-case_Handling_4_NT_Loop51_TestCase0, MAYBE, 1564) | O42: correct | P42: 0 | Q42: 0/2 | R42: 0 | S42: 0/1 | T42: 0 | U42: 0/3 | V42: 0 | W42: 0 | X42: 0 | Y42: (FSE_Bitvector_Mode_Missing_Corner-case_Handling_4_NT_Loop0_TestCase7, TIMEOUT, 302064) (FSE_Bitvector_Mode_Missing_Corner-case_Handling_4_NT_Loop0_TestCase6, TIMEOUT, 302395) (FSE_Bitvector_Mode_Missing_Corner-case_Handling_4_NT_Loop0_TestCase4, YES, 2152) (FSE_Bitvector_Mode_Missing_Corner-case_Handling_4_NT_Loop0_TestCase5, YES, 2159) (FSE_Bitvector_Mode_Missing_Corner-case_Handling_4_NT_Loop0_TestCase1, YES, 2165) (FSE_Bitvector_Mode_Missing_Corner-case_Handling_4_NT_Loop0_TestCase2, YES, 2148) (FSE_Bitvector_Mode_Missing_Corner-case_Handling_4_NT_Loop0_TestCase3, YES, 2151) (FSE_Bitvector_Mode_Missing_Corner-case_Handling_4_NT_Loop0_TestCase8, TIMEOUT, 302038) (FSE_Bitvector_Mode_Missing_Corner-case_Handling_4_NT_Loop0_TestCase9, TIMEOUT, 302143) (FSE_Bitvector_Mode_Missing_Corner-case_Handling_4_NT_Loop0_TestCase10, TIMEOUT, 302463) | Z42: correct | AA42: 1 | AB42: 5/5 | AC42: 0 | AD42: 0/5 | AE42: 0.5 | AF42: 5/10 | AG42: 10775 | AH42: 2155 | AI42: 2152 | AJ42: (FSE_Bitvector_Mode_Missing_Corner-case_Handling_4_NT_Loop37_TestCase1, MAYBE, 1567) (FSE_Bitvector_Mode_Missing_Corner-case_Handling_4_NT_Loop24_TestCase1, MAYBE, 1360) (FSE_Bitvector_Mode_Missing_Corner-case_Handling_4_NT_Loop37_TestCase2, MAYBE, 1523) (FSE_Bitvector_Mode_Missing_Corner-case_Handling_4_NT_Loop24_TestCase3, MAYBE, 1373) (FSE_Bitvector_Mode_Missing_Corner-case_Handling_4_NT_Loop24_TestCase2, MAYBE, 1370) (FSE_Bitvector_Mode_Missing_Corner-case_Handling_4_NT_Loop37_TestCase3, MAYBE, 1567) (FSE_Bitvector_Mode_Missing_Corner-case_Handling_4_NT_Loop37_TestCase7, MAYBE, 1514) (FSE_Bitvector_Mode_Missing_Corner-case_Handling_4_NT_Loop24_TestCase6, MAYBE, 1369) (FSE_Bitvector_Mode_Missing_Corner-case_Handling_4_NT_Loop24_TestCase7, MAYBE, 1565) (FSE_Bitvector_Mode_Missing_Corner-case_Handling_4_NT_Loop37_TestCase6, MAYBE, 1962) (FSE_Bitvector_Mode_Missing_Corner-case_Handling_4_NT_Loop37_TestCase4, MAYBE, 1564) (FSE_Bitvector_Mode_Missing_Corner-case_Handling_4_NT_Loop51_TestCase9, MAYBE, 1545) (FSE_Bitvector_Mode_Missing_Corner-case_Handling_4_NT_Loop24_TestCase5, MAYBE, 1371) (FSE_Bitvector_Mode_Missing_Corner-case_Handling_4_NT_Loop24_TestCase4, MAYBE, 1378) (FSE_Bitvector_Mode_Missing_Corner-case_Handling_4_NT_Loop51_TestCase8, MAYBE, 1536) (FSE_Bitvector_Mode_Missing_Corner-case_Handling_4_NT_Loop37_TestCase5, MAYBE, 1554) (FSE_Bitvector_Mode_Missing_Corner-case_Handling_4_NT_Loop51_TestCase10, MAYBE, 1544) (FSE_Bitvector_Mode_Missing_Corner-case_Handling_4_NT_Loop37_TestCase8, MAYBE, 1566) (FSE_Bitvector_Mode_Missing_Corner-case_Handling_4_NT_Loop51_TestCase5, MAYBE, 1521) (FSE_Bitvector_Mode_Missing_Corner-case_Handling_4_NT_Loop24_TestCase9, MAYBE, 1381) (FSE_Bitvector_Mode_Missing_Corner-case_Handling_4_NT_Loop24_TestCase8, MAYBE, 1393) (FSE_Bitvector_Mode_Missing_Corner-case_Handling_4_NT_Loop24_TestCase10, MAYBE, 1376) (FSE_Bitvector_Mode_Missing_Corner-case_Handling_4_NT_Loop51_TestCase4, MAYBE, 1528) (FSE_Bitvector_Mode_Missing_Corner-case_Handling_4_NT_Loop37_TestCase9, MAYBE, 1574) (FSE_Bitvector_Mode_Missing_Corner-case_Handling_4_NT_Loop51_TestCase6, MAYBE, 1533) (FSE_Bitvector_Mode_Missing_Corner-case_Handling_4_NT_Loop51_TestCase7, MAYBE, 1546) (FSE_Bitvector_Mode_Missing_Corner-case_Handling_4_NT_Loop51_TestCase3, MAYBE, 2811) (FSE_Bitvector_Mode_Missing_Corner-case_Handling_4_NT_Loop37_TestCase10, MAYBE, 1547) (FSE_Bitvector_Mode_Missing_Corner-case_Handling_4_NT_Loop51_TestCase2, MAYBE, 1516) (FSE_Bitvector_Mode_Missing_Corner-case_Handling_4_NT_Loop51_TestCase1, MAYBE, 1520) | AK42: correct | AL42: 0 | AM42: 0/25 | AN42: 0 | AO42: 0/5 | AP42: 0 | AQ42: 0/30 | AR42: 0 | AS42: 0 | AT42: 0 | AU42: Pointer + Structure
B43: Missing_Corner-case_Handling_4_T.c | C43: (FSE_Bitvector_Mode_Missing_Corner-case_Handling_4_T_Loop0_TestCase0, TIMEOUT, 302571) | D43: correct | E43: 0 | F43: 0/1 | I43: 0 | J43: 0/1 | K43: 0 | L43: 0 | M43: 0 | N43: (FSE_Bitvector_Mode_Missing_Corner-case_Handling_4_T_Loop23_TestCase0, MAYBE, 1383) (FSE_Bitvector_Mode_Missing_Corner-case_Handling_4_T_Loop50_TestCase0, MAYBE, 1720) (FSE_Bitvector_Mode_Missing_Corner-case_Handling_4_T_Loop36_TestCase0, MAYBE, 1564) | O43: correct | P43: 0 | Q43: 0/3 | T43: 0 | U43: 0/3 | V43: 0 | W43: 0 | X43: 0 | Y43: (FSE_Bitvector_Mode_Missing_Corner-case_Handling_4_T_Loop0_TestCase9, TIMEOUT, 302407) (FSE_Bitvector_Mode_Missing_Corner-case_Handling_4_T_Loop0_TestCase8, TIMEOUT, 302050) (FSE_Bitvector_Mode_Missing_Corner-case_Handling_4_T_Loop0_TestCase10, TIMEOUT, 302467) (FSE_Bitvector_Mode_Missing_Corner-case_Handling_4_T_Loop0_TestCase1, YES, 2158) (FSE_Bitvector_Mode_Missing_Corner-case_Handling_4_T_Loop0_TestCase3, YES, 2388) (FSE_Bitvector_Mode_Missing_Corner-case_Handling_4_T_Loop0_TestCase2, YES, 2129) (FSE_Bitvector_Mode_Missing_Corner-case_Handling_4_T_Loop0_TestCase6, YES, 2579) (FSE_Bitvector_Mode_Missing_Corner-case_Handling_4_T_Loop0_TestCase7, TIMEOUT, 302058) (FSE_Bitvector_Mode_Missing_Corner-case_Handling_4_T_Loop0_TestCase5, YES, 2545) (FSE_Bitvector_Mode_Missing_Corner-case_Handling_4_T_Loop0_TestCase4, YES, 2144) | Z43: correct | AA43: 0.6 | AB43: 6/10 | AE43: 0.6 | AF43: 6/10 | AG43: 13943 | AH43: 2323.83 | AI43: 2273 | AJ43: (FSE_Bitvector_Mode_Missing_Corner-case_Handling_4_T_Loop36_TestCase9, MAYBE, 1553) (FSE_Bitvector_Mode_Missing_Corner-case_Handling_4_T_Loop23_TestCase2, MAYBE, 1344) (FSE_Bitvector_Mode_Missing_Corner-case_Handling_4_T_Loop50_TestCase4, MAYBE, 1677) (FSE_Bitvector_Mode_Missing_Corner-case_Handling_4_T_Loop50_TestCase5, MAYBE, 1668) (FSE_Bitvector_Mode_Missing_Corner-case_Handling_4_T_Loop23_TestCase3, MAYBE, 1356) (FSE_Bitvector_Mode_Missing_Corner-case_Handling_4_T_Loop36_TestCase8, MAYBE, 1733) (FSE_Bitvector_Mode_Missing_Corner-case_Handling_4_T_Loop23_TestCase1, MAYBE, 1366) (FSE_Bitvector_Mode_Missing_Corner-case_Handling_4_T_Loop50_TestCase7, MAYBE, 1749) (FSE_Bitvector_Mode_Missing_Corner-case_Handling_4_T_Loop50_TestCase6, MAYBE, 1663) (FSE_Bitvector_Mode_Missing_Corner-case_Handling_4_T_Loop50_TestCase2, MAYBE, 1698) (FSE_Bitvector_Mode_Missing_Corner-case_Handling_4_T_Loop23_TestCase4, MAYBE, 1337) (FSE_Bitvector_Mode_Missing_Corner-case_Handling_4_T_Loop23_TestCase5, MAYBE, 1393) (FSE_Bitvector_Mode_Missing_Corner-case_Handling_4_T_Loop50_TestCase3, MAYBE, 1755) (FSE_Bitvector_Mode_Missing_Corner-case_Handling_4_T_Loop50_TestCase1, MAYBE, 1693) (FSE_Bitvector_Mode_Missing_Corner-case_Handling_4_T_Loop23_TestCase7, MAYBE, 1741) (FSE_Bitvector_Mode_Missing_Corner-case_Handling_4_T_Loop23_TestCase6, MAYBE, 1373) (FSE_Bitvector_Mode_Missing_Corner-case_Handling_4_T_Loop50_TestCase10, MAYBE, 1681) (FSE_Bitvector_Mode_Missing_Corner-case_Handling_4_T_Loop36_TestCase1, MAYBE, 1556) (FSE_Bitvector_Mode_Missing_Corner-case_Handling_4_T_Loop36_TestCase3, MAYBE, 1636) (FSE_Bitvector_Mode_Missing_Corner-case_Handling_4_T_Loop23_TestCase8, MAYBE, 1388) (FSE_Bitvector_Mode_Missing_Corner-case_Handling_4_T_Loop23_TestCase10, MAYBE, 1354) (FSE_Bitvector_Mode_Missing_Corner-case_Handling_4_T_Loop36_TestCase10, MAYBE, 1576) (FSE_Bitvector_Mode_Missing_Corner-case_Handling_4_T_Loop23_TestCase9, MAYBE, 1386) (FSE_Bitvector_Mode_Missing_Corner-case_Handling_4_T_Loop36_TestCase2, MAYBE, 1549) (FSE_Bitvector_Mode_Missing_Corner-case_Handling_4_T_Loop36_TestCase6, MAYBE, 1536) (FSE_Bitvector_Mode_Missing_Corner-case_Handling_4_T_Loop36_TestCase7, MAYBE, 1574) (FSE_Bitvector_Mode_Missing_Corner-case_Handling_4_T_Loop36_TestCase5, MAYBE, 1543) (FSE_Bitvector_Mode_Missing_Corner-case_Handling_4_T_Loop50_TestCase8, MAYBE, 2024) (FSE_Bitvector_Mode_Missing_Corner-case_Handling_4_T_Loop50_TestCase9, MAYBE, 1780) (FSE_Bitvector_Mode_Missing_Corner-case_Handling_4_T_Loop36_TestCase4, MAYBE, 1573) | AK43: correct | AL43: 0 | AM43: 0/30 | AP43: 0 | AQ43: 0/30 | AR43: 0 | AS43: 0 | AT43: 0 | AU43: Pointer + Structure
B44: Missing_Initialization_1_NT.c | C44: (FSE_Bitvector_Mode_Missing_Initialization_1_NT_Loop0_TestCase0, NO, 2232) | D44: correct | E44: 0 | F44: 0/0 | G44: 1 | H44: 1/1 | I44: 1 | J44: 1/1 | K44: 2232 | L44: 2232 | M44: 2232 | N44: (FSE_Bitvector_Mode_Missing_Initialization_1_NT_Loop14_TestCase0, NO, 2067) (FSE_Bitvector_Mode_Missing_Initialization_1_NT_Loop16_TestCase0, NO, 1756) | O44: correct | P44: 0 | Q44: 0/0 | R44: 1 | S44: 2/2 | T44: 1 | U44: 2/2 | V44: 3823 | W44: 1911.5 | X44: 1911.5 | Y44: (FSE_Bitvector_Mode_Missing_Initialization_1_NT_Loop0_TestCase8, NO, 1718) (FSE_Bitvector_Mode_Missing_Initialization_1_NT_Loop0_TestCase9, NO, 1732) (FSE_Bitvector_Mode_Missing_Initialization_1_NT_Loop0_TestCase7, NO, 1706) (FSE_Bitvector_Mode_Missing_Initialization_1_NT_Loop0_TestCase6, NO, 1679) (FSE_Bitvector_Mode_Missing_Initialization_1_NT_Loop0_TestCase4, YES, 1694) (FSE_Bitvector_Mode_Missing_Initialization_1_NT_Loop0_TestCase5, YES, 1694) (FSE_Bitvector_Mode_Missing_Initialization_1_NT_Loop0_TestCase10, NO, 1734) (FSE_Bitvector_Mode_Missing_Initialization_1_NT_Loop0_TestCase1, YES, 1714) (FSE_Bitvector_Mode_Missing_Initialization_1_NT_Loop0_TestCase2, YES, 1721) (FSE_Bitvector_Mode_Missing_Initialization_1_NT_Loop0_TestCase3, YES, 1675) | Z44: correct | AA44: 1 | AB44: 5/5 | AC44: 1 | AD44: 5/5 | AE44: 1 | AF44: 10/10 | AG44: 17067 | AH44: 1706.7 | AI44: 1710 | AJ44: (FSE_Bitvector_Mode_Missing_Initialization_1_NT_Loop14_TestCase10, NO, 1711) (FSE_Bitvector_Mode_Missing_Initialization_1_NT_Loop14_TestCase5, YES, 1711) (FSE_Bitvector_Mode_Missing_Initialization_1_NT_Loop14_TestCase4, YES, 1852) (FSE_Bitvector_Mode_Missing_Initialization_1_NT_Loop14_TestCase6, NO, 1718) (FSE_Bitvector_Mode_Missing_Initialization_1_NT_Loop14_TestCase7, NO, 1748) (FSE_Bitvector_Mode_Missing_Initialization_1_NT_Loop14_TestCase3, YES, 1790) (FSE_Bitvector_Mode_Missing_Initialization_1_NT_Loop16_TestCase8, NO, 1943) (FSE_Bitvector_Mode_Missing_Initialization_1_NT_Loop16_TestCase10, NO, 1746) (FSE_Bitvector_Mode_Missing_Initialization_1_NT_Loop16_TestCase9, NO, 1705) (FSE_Bitvector_Mode_Missing_Initialization_1_NT_Loop14_TestCase2, YES, 1740) (FSE_Bitvector_Mode_Missing_Initialization_1_NT_Loop14_TestCase1, YES, 1746) (FSE_Bitvector_Mode_Missing_Initialization_1_NT_Loop16_TestCase7, NO, 1739) (FSE_Bitvector_Mode_Missing_Initialization_1_NT_Loop16_TestCase6, NO, 1740) (FSE_Bitvector_Mode_Missing_Initialization_1_NT_Loop16_TestCase4, YES, 1764) (FSE_Bitvector_Mode_Missing_Initialization_1_NT_Loop16_TestCase5, YES, 1753) (FSE_Bitvector_Mode_Missing_Initialization_1_NT_Loop16_TestCase1, YES, 1738) (FSE_Bitvector_Mode_Missing_Initialization_1_NT_Loop14_TestCase9, NO, 1766) (FSE_Bitvector_Mode_Missing_Initialization_1_NT_Loop16_TestCase2, YES, 1740) (FSE_Bitvector_Mode_Missing_Initialization_1_NT_Loop16_TestCase3, YES, 1705) (FSE_Bitvector_Mode_Missing_Initialization_1_NT_Loop14_TestCase8, NO, 3169) | AK44: correct | AL44: 1 | AM44: 10/10 | AN44: 1 | AO44: 10/10 | AP44: 1 | AQ44: 20/20 | AR44: 36524 | AS44: 1826.2 | AT44: 1743
B45: Missing_Initialization_1_T.c | C45: (FSE_Bitvector_Mode_Missing_Initialization_1_T_Loop0_TestCase0, TIMEOUT, 301840) | D45: correct | E45: 0 | F45: 0/1 | I45: 0 | J45: 0/1 | K45: 0 | L45: 0 | M45: 0 | N45: (FSE_Bitvector_Mode_Missing_Initialization_1_T_Loop17_TestCase0, TIMEOUT, 301809) (FSE_Bitvector_Mode_Missing_Initialization_1_T_Loop14_TestCase0, TIMEOUT, 301660) | O45: correct | P45: 0 | Q45: 0/2 | T45: 0 | U45: 0/2 | V45: 0 | W45: 0 | X45: 0 | Y45: (FSE_Bitvector_Mode_Missing_Initialization_1_T_Loop0_TestCase5, YES, 1698) (FSE_Bitvector_Mode_Missing_Initialization_1_T_Loop0_TestCase4, YES, 1694) (FSE_Bitvector_Mode_Missing_Initialization_1_T_Loop0_TestCase6, YES, 4659) (FSE_Bitvector_Mode_Missing_Initialization_1_T_Loop0_TestCase7, YES, 3151) (FSE_Bitvector_Mode_Missing_Initialization_1_T_Loop0_TestCase3, YES, 1714) (FSE_Bitvector_Mode_Missing_Initialization_1_T_Loop0_TestCase2, YES, 1707) (FSE_Bitvector_Mode_Missing_Initialization_1_T_Loop0_TestCase1, YES, 1714) (FSE_Bitvector_Mode_Missing_Initialization_1_T_Loop0_TestCase10, YES, 4172) (FSE_Bitvector_Mode_Missing_Initialization_1_T_Loop0_TestCase9, YES, 1686) (FSE_Bitvector_Mode_Missing_Initialization_1_T_Loop0_TestCase8, YES, 1701) | Z45: correct | AA45: 1 | AB45: 10/10 | AE45: 1 | AF45: 10/10 | AG45: 23896 | AH45: 2389.6 | AI45: 1710.5 | AJ45: (FSE_Bitvector_Mode_Missing_Initialization_1_T_Loop17_TestCase10, YES, 4672) (FSE_Bitvector_Mode_Missing_Initialization_1_T_Loop17_TestCase8, YES, 1720) (FSE_Bitvector_Mode_Missing_Initialization_1_T_Loop17_TestCase9, YES, 1764) (FSE_Bitvector_Mode_Missing_Initialization_1_T_Loop14_TestCase8, YES, 1930) (FSE_Bitvector_Mode_Missing_Initialization_1_T_Loop14_TestCase9, YES, 1867) (FSE_Bitvector_Mode_Missing_Initialization_1_T_Loop14_TestCase10, YES, 3371) (FSE_Bitvector_Mode_Missing_Initialization_1_T_Loop14_TestCase7, YES, 3908) (FSE_Bitvector_Mode_Missing_Initialization_1_T_Loop17_TestCase2, YES, 1749) (FSE_Bitvector_Mode_Missing_Initialization_1_T_Loop17_TestCase3, YES, 1723) (FSE_Bitvector_Mode_Missing_Initialization_1_T_Loop14_TestCase6, YES, 4684) (FSE_Bitvector_Mode_Missing_Initialization_1_T_Loop14_TestCase4, YES, 1722) (FSE_Bitvector_Mode_Missing_Initialization_1_T_Loop17_TestCase1, YES, 1772) (FSE_Bitvector_Mode_Missing_Initialization_1_T_Loop14_TestCase5, YES, 1747) (FSE_Bitvector_Mode_Missing_Initialization_1_T_Loop14_TestCase1, YES, 1757) (FSE_Bitvector_Mode_Missing_Initialization_1_T_Loop17_TestCase4, YES, 1720) (FSE_Bitvector_Mode_Missing_Initialization_1_T_Loop17_TestCase5, YES, 1764) (FSE_Bitvector_Mode_Missing_Initialization_1_T_Loop14_TestCase2, YES, 1746) (FSE_Bitvector_Mode_Missing_Initialization_1_T_Loop17_TestCase7, YES, 3311) (FSE_Bitvector_Mode_Missing_Initialization_1_T_Loop17_TestCase6, YES, 4816) (FSE_Bitvector_Mode_Missing_Initialization_1_T_Loop14_TestCase3, YES, 2051) | AK45: correct | AL45: 1 | AM45: 20/20 | AP45: 1 | AQ45: 20/20 | AR45: 49794 | AS45: 2489.7 | AT45: 1768
B46: Missing_Iterator_Update_1_NT.c | C46: (FSE_Bitvector_Mode_Missing_Iterator_Update_1_NT_Loop0_TestCase0, NO, 1886) | D46: correct | E46: 0 | F46: 0/0 | G46: 1 | H46: 1/1 | I46: 1 | J46: 1/1 | K46: 1886 | L46: 1886 | M46: 1886 | N46: (FSE_Bitvector_Mode_Missing_Iterator_Update_1_NT_Loop18_TestCase0, YES, 1903) | O46: correct | P46: 0 | Q46: 0/0 | R46: 0 | S46: 0/1 | T46: 0 | U46: 0/1 | V46: 0 | W46: 0 | X46: 0 | Y46: (FSE_Bitvector_Mode_Missing_Iterator_Update_1_NT_Loop0_TestCase9, NO, 1766) (FSE_Bitvector_Mode_Missing_Iterator_Update_1_NT_Loop0_TestCase8, NO, 1774) (FSE_Bitvector_Mode_Missing_Iterator_Update_1_NT_Loop0_TestCase10, NO, 1743) (FSE_Bitvector_Mode_Missing_Iterator_Update_1_NT_Loop0_TestCase5, YES, 1700) (FSE_Bitvector_Mode_Missing_Iterator_Update_1_NT_Loop0_TestCase4, YES, 1753) (FSE_Bitvector_Mode_Missing_Iterator_Update_1_NT_Loop0_TestCase6, NO, 1716) (FSE_Bitvector_Mode_Missing_Iterator_Update_1_NT_Loop0_TestCase7, NO, 1731) (FSE_Bitvector_Mode_Missing_Iterator_Update_1_NT_Loop0_TestCase3, YES, 1751) (FSE_Bitvector_Mode_Missing_Iterator_Update_1_NT_Loop0_TestCase2, YES, 1738) (FSE_Bitvector_Mode_Missing_Iterator_Update_1_NT_Loop0_TestCase1, YES, 1725) | Z46: correct | AA46: 1 | AB46: 5/5 | AC46: 1 | AD46: 5/5 | AE46: 1 | AF46: 10/10 | AG46: 17397 | AH46: 1739.7 | AI46: 1740.5 | AJ46: (FSE_Bitvector_Mode_Missing_Iterator_Update_1_NT_Loop18_TestCase1, YES, 1821) (FSE_Bitvector_Mode_Missing_Iterator_Update_1_NT_Loop18_TestCase3, YES, 1796) (FSE_Bitvector_Mode_Missing_Iterator_Update_1_NT_Loop18_TestCase2, YES, 1757) (FSE_Bitvector_Mode_Missing_Iterator_Update_1_NT_Loop18_TestCase6, YES, 1753) (FSE_Bitvector_Mode_Missing_Iterator_Update_1_NT_Loop18_TestCase7, YES, 1792) (FSE_Bitvector_Mode_Missing_Iterator_Update_1_NT_Loop18_TestCase5, YES, 1801) (FSE_Bitvector_Mode_Missing_Iterator_Update_1_NT_Loop18_TestCase4, YES, 1781) (FSE_Bitvector_Mode_Missing_Iterator_Update_1_NT_Loop18_TestCase9, YES, 1757) (FSE_Bitvector_Mode_Missing_Iterator_Update_1_NT_Loop18_TestCase8, YES, 3003) (FSE_Bitvector_Mode_Missing_Iterator_Update_1_NT_Loop18_TestCase10, YES, 1937) | AK46: correct | AL46: 1 | AM46: 5/5 | AN46: 0 | AO46: 0/5 | AP46: 0.5 | AQ46: 5/10 | AR46: 8956 | AS46: 1791.2 | AT46: 1796
B47: Missing_Iterator_Update_1_T.c | C47: (FSE_Bitvector_Mode_Missing_Iterator_Update_1_T_Loop0_TestCase0, YES, 4862) | D47: correct | E47: 1 | F47: 1/1 | I47: 1 | J47: 1/1 | K47: 4862 | L47: 4862 | M47: 4862 | N47: (FSE_Bitvector_Mode_Missing_Iterator_Update_1_T_Loop35_TestCase0, YES, 4069) (FSE_Bitvector_Mode_Missing_Iterator_Update_1_T_Loop17_TestCase0, YES, 1861) | O47: correct | P47: 1 | Q47: 2/2 | T47: 1 | U47: 2/2 | V47: 5930 | W47: 2965 | X47: 2965 | Y47: (FSE_Bitvector_Mode_Missing_Iterator_Update_1_T_Loop0_TestCase5, YES, 1711) (FSE_Bitvector_Mode_Missing_Iterator_Update_1_T_Loop0_TestCase4, YES, 1744) (FSE_Bitvector_Mode_Missing_Iterator_Update_1_T_Loop0_TestCase6, YES, 1735) (FSE_Bitvector_Mode_Missing_Iterator_Update_1_T_Loop0_TestCase7, YES, 1737) (FSE_Bitvector_Mode_Missing_Iterator_Update_1_T_Loop0_TestCase10, YES, 1722) (FSE_Bitvector_Mode_Missing_Iterator_Update_1_T_Loop0_TestCase3, YES, 1754) (FSE_Bitvector_Mode_Missing_Iterator_Update_1_T_Loop0_TestCase2, YES, 1753) (FSE_Bitvector_Mode_Missing_Iterator_Update_1_T_Loop0_TestCase1, YES, 1719) (FSE_Bitvector_Mode_Missing_Iterator_Update_1_T_Loop0_TestCase9, YES, 1753) (FSE_Bitvector_Mode_Missing_Iterator_Update_1_T_Loop0_TestCase8, YES, 1746) | Z47: correct | AA47: 1 | AB47: 10/10 | AE47: 1 | AF47: 10/10 | AG47: 17374 | AH47: 1737.4 | AI47: 1740.5 | AJ47: (FSE_Bitvector_Mode_Missing_Iterator_Update_1_T_Loop17_TestCase9, YES, 1764) (FSE_Bitvector_Mode_Missing_Iterator_Update_1_T_Loop17_TestCase8, YES, 1747) (FSE_Bitvector_Mode_Missing_Iterator_Update_1_T_Loop35_TestCase10, YES, 1740) (FSE_Bitvector_Mode_Missing_Iterator_Update_1_T_Loop35_TestCase7, YES, 2081) (FSE_Bitvector_Mode_Missing_Iterator_Update_1_T_Loop35_TestCase6, YES, 1774) (FSE_Bitvector_Mode_Missing_Iterator_Update_1_T_Loop35_TestCase4, YES, 1746) (FSE_Bitvector_Mode_Missing_Iterator_Update_1_T_Loop35_TestCase5, YES, 2193) (FSE_Bitvector_Mode_Missing_Iterator_Update_1_T_Loop35_TestCase1, YES, 1775) (FSE_Bitvector_Mode_Missing_Iterator_Update_1_T_Loop35_TestCase2, YES, 1729) (FSE_Bitvector_Mode_Missing_Iterator_Update_1_T_Loop35_TestCase3, YES, 1801) (FSE_Bitvector_Mode_Missing_Iterator_Update_1_T_Loop17_TestCase10, YES, 1795) (FSE_Bitvector_Mode_Missing_Iterator_Update_1_T_Loop35_TestCase8, YES, 1789) (FSE_Bitvector_Mode_Missing_Iterator_Update_1_T_Loop35_TestCase9, YES, 1797) (FSE_Bitvector_Mode_Missing_Iterator_Update_1_T_Loop17_TestCase1, YES, 1870) (FSE_Bitvector_Mode_Missing_Iterator_Update_1_T_Loop17_TestCase3, YES, 1799) (FSE_Bitvector_Mode_Missing_Iterator_Update_1_T_Loop17_TestCase2, YES, 1861) (FSE_Bitvector_Mode_Missing_Iterator_Update_1_T_Loop17_TestCase6, YES, 1755) (FSE_Bitvector_Mode_Missing_Iterator_Update_1_T_Loop17_TestCase7, YES, 1763) (FSE_Bitvector_Mode_Missing_Iterator_Update_1_T_Loop17_TestCase5, YES, 1774) (FSE_Bitvector_Mode_Missing_Iterator_Update_1_T_Loop17_TestCase4, YES, 1788) | AK47: correct | AL47: 1 | AM47: 20/20 | AP47: 1 | AQ47: 20/20 | AR47: 36341 | AS47: 1817.05 | AT47: 1781.5
B48: Missing_Iterator_Update_2_NT.c | C48: (FSE_Bitvector_Mode_Missing_Iterator_Update_2_NT_Loop0_TestCase0, NO, 1982) | D48: correct | E48: 0 | F48: 0/0 | G48: 1 | H48: 1/1 | I48: 1 | J48: 1/1 | K48: 1982 | L48: 1982 | M48: 1982 | N48: (FSE_Bitvector_Mode_Missing_Iterator_Update_2_NT_Loop28_TestCase0, NO, 1989) | O48: correct | P48: 0 | Q48: 0/0 | R48: 1 | S48: 1/1 | T48: 1 | U48: 1/1 | V48: 1989 | W48: 1989 | X48: 1989 | Y48: (FSE_Bitvector_Mode_Missing_Iterator_Update_2_NT_Loop0_TestCase9, NO, 1759) (FSE_Bitvector_Mode_Missing_Iterator_Update_2_NT_Loop0_TestCase8, NO, 1761) (FSE_Bitvector_Mode_Missing_Iterator_Update_2_NT_Loop0_TestCase10, NO, 1754) (FSE_Bitvector_Mode_Missing_Iterator_Update_2_NT_Loop0_TestCase1, YES, 1751) (FSE_Bitvector_Mode_Missing_Iterator_Update_2_NT_Loop0_TestCase3, YES, 6744) (FSE_Bitvector_Mode_Missing_Iterator_Update_2_NT_Loop0_TestCase2, YES, 5919) (FSE_Bitvector_Mode_Missing_Iterator_Update_2_NT_Loop0_TestCase6, NO, 1738) (FSE_Bitvector_Mode_Missing_Iterator_Update_2_NT_Loop0_TestCase7, NO, 1765) (FSE_Bitvector_Mode_Missing_Iterator_Update_2_NT_Loop0_TestCase5, YES, 4452) (FSE_Bitvector_Mode_Missing_Iterator_Update_2_NT_Loop0_TestCase4, YES, 1742) | Z48: correct | AA48: 1 | AB48: 5/5 | AC48: 1 | AD48: 5/5 | AE48: 1 | AF48: 10/10 | AG48: 29385 | AH48: 2938.5 | AI48: 1760 | AJ48: (FSE_Bitvector_Mode_Missing_Iterator_Update_2_NT_Loop28_TestCase4, YES, 1760) (FSE_Bitvector_Mode_Missing_Iterator_Update_2_NT_Loop28_TestCase5, YES, 4788) (FSE_Bitvector_Mode_Missing_Iterator_Update_2_NT_Loop28_TestCase7, NO, 1869) (FSE_Bitvector_Mode_Missing_Iterator_Update_2_NT_Loop28_TestCase6, NO, 1860) (FSE_Bitvector_Mode_Missing_Iterator_Update_2_NT_Loop28_TestCase2, YES, 3576) (FSE_Bitvector_Mode_Missing_Iterator_Update_2_NT_Loop28_TestCase3, YES, 5355) (FSE_Bitvector_Mode_Missing_Iterator_Update_2_NT_Loop28_TestCase1, YES, 1760) (FSE_Bitvector_Mode_Missing_Iterator_Update_2_NT_Loop28_TestCase8, NO, 1809) (FSE_Bitvector_Mode_Missing_Iterator_Update_2_NT_Loop28_TestCase9, NO, 1777) (FSE_Bitvector_Mode_Missing_Iterator_Update_2_NT_Loop28_TestCase10, NO, 1824) | AK48: correct | AL48: 1 | AM48: 5/5 | AN48: 1 | AO48: 5/5 | AP48: 1 | AQ48: 10/10 | AR48: 26378 | AS48: 2637.8 | AT48: 1842
B49: Missing_Iterator_Update_2_T.c | C49: (FSE_Bitvector_Mode_Missing_Iterator_Update_2_T_Loop0_TestCase0, YES, 8406) | D49: correct | E49: 1 | F49: 1/1 | I49: 1 | J49: 1/1 | K49: 8406 | L49: 8406 | M49: 8406 | N49: (FSE_Bitvector_Mode_Missing_Iterator_Update_2_T_Loop28_TestCase0, YES, 10620) | O49: correct | P49: 1 | Q49: 1/1 | T49: 1 | U49: 1/1 | V49: 10620 | W49: 10620 | X49: 10620 | Y49: (FSE_Bitvector_Mode_Missing_Iterator_Update_2_T_Loop0_TestCase8, YES, 12541) (FSE_Bitvector_Mode_Missing_Iterator_Update_2_T_Loop0_TestCase9, YES, 6703) (FSE_Bitvector_Mode_Missing_Iterator_Update_2_T_Loop0_TestCase10, YES, 6720) (FSE_Bitvector_Mode_Missing_Iterator_Update_2_T_Loop0_TestCase1, YES, 1718) (FSE_Bitvector_Mode_Missing_Iterator_Update_2_T_Loop0_TestCase2, YES, 5428) (FSE_Bitvector_Mode_Missing_Iterator_Update_2_T_Loop0_TestCase3, YES, 6037) (FSE_Bitvector_Mode_Missing_Iterator_Update_2_T_Loop0_TestCase7, YES, 7770) (FSE_Bitvector_Mode_Missing_Iterator_Update_2_T_Loop0_TestCase6, YES, 7278) (FSE_Bitvector_Mode_Missing_Iterator_Update_2_T_Loop0_TestCase4, YES, 1712) (FSE_Bitvector_Mode_Missing_Iterator_Update_2_T_Loop0_TestCase5, YES, 6431) | Z49: correct | AA49: 1 | AB49: 10/10 | AE49: 1 | AF49: 10/10 | AG49: 62338 | AH49: 6233.8 | AI49: 6567 | AJ49: (FSE_Bitvector_Mode_Missing_Iterator_Update_2_T_Loop28_TestCase6, YES, 13063) (FSE_Bitvector_Mode_Missing_Iterator_Update_2_T_Loop28_TestCase7, YES, 10217) (FSE_Bitvector_Mode_Missing_Iterator_Update_2_T_Loop28_TestCase5, YES, 6140) (FSE_Bitvector_Mode_Missing_Iterator_Update_2_T_Loop28_TestCase4, YES, 1795) (FSE_Bitvector_Mode_Missing_Iterator_Update_2_T_Loop28_TestCase1, YES, 1771) (FSE_Bitvector_Mode_Missing_Iterator_Update_2_T_Loop28_TestCase3, YES, 5224) (FSE_Bitvector_Mode_Missing_Iterator_Update_2_T_Loop28_TestCase2, YES, 8303) (FSE_Bitvector_Mode_Missing_Iterator_Update_2_T_Loop28_TestCase10, YES, 10919) (FSE_Bitvector_Mode_Missing_Iterator_Update_2_T_Loop28_TestCase9, YES, 13310) (FSE_Bitvector_Mode_Missing_Iterator_Update_2_T_Loop28_TestCase8, YES, 12164) | AK49: correct | AL49: 1 | AM49: 10/10 | AP49: 1 | AQ49: 10/10 | AR49: 82906 | AS49: 8290.6 | AT49: 9260
B50: Missing_Iterator_Update_3_NT.c | C50: (FSE_Bitvector_Mode_Missing_Iterator_Update_3_NT_Loop0_TestCase0, TIMEOUT, 301958) | D50: correct | E50: 0 | F50: 0/0 | G50: 0 | H50: 0/1 | I50: 0 | J50: 0/1 | K50: 0 | L50: 0 | M50: 0 | N50: (FSE_Bitvector_Mode_Missing_Iterator_Update_3_NT_Loop29_TestCase0, YES, 2098) (FSE_Bitvector_Mode_Missing_Iterator_Update_3_NT_Loop35_TestCase0, MAYBE, 1316) | O50: correct | P50: 1 | Q50: 1/1 | R50: 0 | S50: 0/1 | T50: 0.5 | U50: 1/2 | V50: 2098 | W50: 2098 | X50: 2098 | Y50: (FSE_Bitvector_Mode_Missing_Iterator_Update_3_NT_Loop0_TestCase8, MAYBE, 1211) (FSE_Bitvector_Mode_Missing_Iterator_Update_3_NT_Loop0_TestCase9, MAYBE, 1227) (FSE_Bitvector_Mode_Missing_Iterator_Update_3_NT_Loop0_TestCase4, MAYBE, 1237) (FSE_Bitvector_Mode_Missing_Iterator_Update_3_NT_Loop0_TestCase5, MAYBE, 1256) (FSE_Bitvector_Mode_Missing_Iterator_Update_3_NT_Loop0_TestCase10, MAYBE, 1240) (FSE_Bitvector_Mode_Missing_Iterator_Update_3_NT_Loop0_TestCase7, MAYBE, 1221) (FSE_Bitvector_Mode_Missing_Iterator_Update_3_NT_Loop0_TestCase6, MAYBE, 1236) (FSE_Bitvector_Mode_Missing_Iterator_Update_3_NT_Loop0_TestCase2, MAYBE, 1247) (FSE_Bitvector_Mode_Missing_Iterator_Update_3_NT_Loop0_TestCase3, MAYBE, 1257) (FSE_Bitvector_Mode_Missing_Iterator_Update_3_NT_Loop0_TestCase1, MAYBE, 1233) | Z50: correct | AA50: 0 | AB50: 0/5 | AC50: 0 | AD50: 0/5 | AE50: 0 | AF50: 0/10 | AG50: 0 | AH50: 0 | AI50: 0 | AJ50: (FSE_Bitvector_Mode_Missing_Iterator_Update_3_NT_Loop29_TestCase7, YES, 2020) (FSE_Bitvector_Mode_Missing_Iterator_Update_3_NT_Loop29_TestCase6, YES, 1882) (FSE_Bitvector_Mode_Missing_Iterator_Update_3_NT_Loop29_TestCase4, YES, 1937) (FSE_Bitvector_Mode_Missing_Iterator_Update_3_NT_Loop29_TestCase5, YES, 1924) (FSE_Bitvector_Mode_Missing_Iterator_Update_3_NT_Loop29_TestCase1, YES, 1861) (FSE_Bitvector_Mode_Missing_Iterator_Update_3_NT_Loop29_TestCase2, YES, 1808) (FSE_Bitvector_Mode_Missing_Iterator_Update_3_NT_Loop29_TestCase3, YES, 1879) (FSE_Bitvector_Mode_Missing_Iterator_Update_3_NT_Loop35_TestCase8, MAYBE, 1247) (FSE_Bitvector_Mode_Missing_Iterator_Update_3_NT_Loop35_TestCase9, MAYBE, 1262) (FSE_Bitvector_Mode_Missing_Iterator_Update_3_NT_Loop35_TestCase4, MAYBE, 2033) (FSE_Bitvector_Mode_Missing_Iterator_Update_3_NT_Loop35_TestCase5, MAYBE, 1256) (FSE_Bitvector_Mode_Missing_Iterator_Update_3_NT_Loop35_TestCase10, MAYBE, 1274) (FSE_Bitvector_Mode_Missing_Iterator_Update_3_NT_Loop35_TestCase7, MAYBE, 1320) (FSE_Bitvector_Mode_Missing_Iterator_Update_3_NT_Loop35_TestCase6, MAYBE, 1480) (FSE_Bitvector_Mode_Missing_Iterator_Update_3_NT_Loop35_TestCase2, MAYBE, 1245) (FSE_Bitvector_Mode_Missing_Iterator_Update_3_NT_Loop35_TestCase3, MAYBE, 1247) (FSE_Bitvector_Mode_Missing_Iterator_Update_3_NT_Loop35_TestCase1, MAYBE, 1249) (FSE_Bitvector_Mode_Missing_Iterator_Update_3_NT_Loop29_TestCase10, YES, 1967) (FSE_Bitvector_Mode_Missing_Iterator_Update_3_NT_Loop29_TestCase8, YES, 1925) (FSE_Bitvector_Mode_Missing_Iterator_Update_3_NT_Loop29_TestCase9, YES, 1821) | AK50: correct | AL50: 0.6667 | AM50: 10/15 | AN50: 0 | AO50: 0/5 | AP50: 0.5 | AQ50: 10/20 | AR50: 19024 | AS50: 1902.4 | AT50: 1903 | AU50: Pointer + Array
B51: Missing_Iterator_Update_3_T.c | C51: (FSE_Bitvector_Mode_Missing_Iterator_Update_3_T_Loop0_TestCase0, TIMEOUT, 302318) | D51: correct | E51: 0 | F51: 0/1 | I51: 0 | J51: 0/1 | K51: 0 | L51: 0 | M51: 0 | N51: (FSE_Bitvector_Mode_Missing_Iterator_Update_3_T_Loop36_TestCase0, MAYBE, 1298) (FSE_Bitvector_Mode_Missing_Iterator_Update_3_T_Loop30_TestCase0, YES, 2059) | O51: correct | P51: 0.5 | Q51: 1/2 | T51: 0.5 | U51: 1/2 | V51: 2059 | W51: 2059 | X51: 2059 | Y51: (FSE_Bitvector_Mode_Missing_Iterator_Update_3_T_Loop0_TestCase10, MAYBE, 1254) (FSE_Bitvector_Mode_Missing_Iterator_Update_3_T_Loop0_TestCase2, MAYBE, 1210) (FSE_Bitvector_Mode_Missing_Iterator_Update_3_T_Loop0_TestCase3, MAYBE, 1245) (FSE_Bitvector_Mode_Missing_Iterator_Update_3_T_Loop0_TestCase1, MAYBE, 1247) (FSE_Bitvector_Mode_Missing_Iterator_Update_3_T_Loop0_TestCase4, MAYBE, 1242) (FSE_Bitvector_Mode_Missing_Iterator_Update_3_T_Loop0_TestCase5, MAYBE, 1229) (FSE_Bitvector_Mode_Missing_Iterator_Update_3_T_Loop0_TestCase7, MAYBE, 1256) (FSE_Bitvector_Mode_Missing_Iterator_Update_3_T_Loop0_TestCase6, MAYBE, 1244) (FSE_Bitvector_Mode_Missing_Iterator_Update_3_T_Loop0_TestCase8, MAYBE, 1246) (FSE_Bitvector_Mode_Missing_Iterator_Update_3_T_Loop0_TestCase9, MAYBE, 1253) | Z51: correct | AA51: 0 | AB51: 0/10 | AE51: 0 | AF51: 0/10 | AG51: 0 | AH51: 0 | AI51: 0 | AJ51: (FSE_Bitvector_Mode_Missing_Iterator_Update_3_T_Loop36_TestCase3, MAYBE, 1276) (FSE_Bitvector_Mode_Missing_Iterator_Update_3_T_Loop30_TestCase9, YES, 1809) (FSE_Bitvector_Mode_Missing_Iterator_Update_3_T_Loop30_TestCase8, YES, 1906) (FSE_Bitvector_Mode_Missing_Iterator_Update_3_T_Loop36_TestCase2, MAYBE, 1263) (FSE_Bitvector_Mode_Missing_Iterator_Update_3_T_Loop36_TestCase1, MAYBE, 1264) (FSE_Bitvector_Mode_Missing_Iterator_Update_3_T_Loop36_TestCase5, MAYBE, 1272) (FSE_Bitvector_Mode_Missing_Iterator_Update_3_T_Loop36_TestCase4, MAYBE, 1280) (FSE_Bitvector_Mode_Missing_Iterator_Update_3_T_Loop36_TestCase6, MAYBE, 1252) (FSE_Bitvector_Mode_Missing_Iterator_Update_3_T_Loop36_TestCase7, MAYBE, 2319) (FSE_Bitvector_Mode_Missing_Iterator_Update_3_T_Loop30_TestCase10, YES, 1958) (FSE_Bitvector_Mode_Missing_Iterator_Update_3_T_Loop36_TestCase10, MAYBE, 1246) (FSE_Bitvector_Mode_Missing_Iterator_Update_3_T_Loop30_TestCase1, YES, 1889) (FSE_Bitvector_Mode_Missing_Iterator_Update_3_T_Loop36_TestCase9, MAYBE, 1246) (FSE_Bitvector_Mode_Missing_Iterator_Update_3_T_Loop30_TestCase3, YES, 1889) (FSE_Bitvector_Mode_Missing_Iterator_Update_3_T_Loop30_TestCase2, YES, 2361) (FSE_Bitvector_Mode_Missing_Iterator_Update_3_T_Loop36_TestCase8, MAYBE, 1258) (FSE_Bitvector_Mode_Missing_Iterator_Update_3_T_Loop30_TestCase6, YES, 1827) (FSE_Bitvector_Mode_Missing_Iterator_Update_3_T_Loop30_TestCase7, YES, 1998) (FSE_Bitvector_Mode_Missing_Iterator_Update_3_T_Loop30_TestCase5, YES, 2012) (FSE_Bitvector_Mode_Missing_Iterator_Update_3_T_Loop30_TestCase4, YES, 2012) | AK51: correct | AL51: 0.5 | AM51: 10/20 | AP51: 0.5 | AQ51: 10/20 | AR51: 19661 | AS51: 1966.1 | AT51: 1932 | AU51: Pointer + Array
B52: Missing_Iterator_Update_4_NT.c | C52: (FSE_Bitvector_Mode_Missing_Iterator_Update_4_NT_Loop0_TestCase0, NO, 4192) | D52: correct | E52: 0 | F52: 0/0 | G52: 1 | H52: 1/1 | I52: 1 | J52: 1/1 | K52: 4192 | L52: 4192 | M52: 4192 | N52: (FSE_Bitvector_Mode_Missing_Iterator_Update_4_NT_Loop19_TestCase0, NO, 1942) (FSE_Bitvector_Mode_Missing_Iterator_Update_4_NT_Loop21_TestCase0, NO, 1886) | O52: correct | P52: 0 | Q52: 0/0 | R52: 1 | S52: 2/2 | T52: 1 | U52: 2/2 | V52: 3828 | W52: 1914 | X52: 1914 | Y52: (FSE_Bitvector_Mode_Missing_Iterator_Update_4_NT_Loop0_TestCase8, NO, 1704) (FSE_Bitvector_Mode_Missing_Iterator_Update_4_NT_Loop0_TestCase9, NO, 1727) (FSE_Bitvector_Mode_Missing_Iterator_Update_4_NT_Loop0_TestCase7, NO, 1751) (FSE_Bitvector_Mode_Missing_Iterator_Update_4_NT_Loop0_TestCase6, NO, 1678) (FSE_Bitvector_Mode_Missing_Iterator_Update_4_NT_Loop0_TestCase4, YES, 1685) (FSE_Bitvector_Mode_Missing_Iterator_Update_4_NT_Loop0_TestCase5, YES, 1704) (FSE_Bitvector_Mode_Missing_Iterator_Update_4_NT_Loop0_TestCase1, YES, 1694) (FSE_Bitvector_Mode_Missing_Iterator_Update_4_NT_Loop0_TestCase2, YES, 1719) (FSE_Bitvector_Mode_Missing_Iterator_Update_4_NT_Loop0_TestCase3, YES, 1720) (FSE_Bitvector_Mode_Missing_Iterator_Update_4_NT_Loop0_TestCase10, NO, 1721) | Z52: correct | AA52: 1 | AB52: 5/5 | AC52: 1 | AD52: 5/5 | AE52: 1 | AF52: 10/10 | AG52: 17103 | AH52: 1710.3 | AI52: 1711.5 | AJ52: (FSE_Bitvector_Mode_Missing_Iterator_Update_4_NT_Loop19_TestCase4, YES, 1707) (FSE_Bitvector_Mode_Missing_Iterator_Update_4_NT_Loop19_TestCase5, YES, 1683) (FSE_Bitvector_Mode_Missing_Iterator_Update_4_NT_Loop21_TestCase10, NO, 1734) (FSE_Bitvector_Mode_Missing_Iterator_Update_4_NT_Loop21_TestCase9, NO, 1713) (FSE_Bitvector_Mode_Missing_Iterator_Update_4_NT_Loop19_TestCase7, NO, 1741) (FSE_Bitvector_Mode_Missing_Iterator_Update_4_NT_Loop19_TestCase6, NO, 1883) (FSE_Bitvector_Mode_Missing_Iterator_Update_4_NT_Loop21_TestCase8, NO, 1735) (FSE_Bitvector_Mode_Missing_Iterator_Update_4_NT_Loop19_TestCase2, YES, 1730) (FSE_Bitvector_Mode_Missing_Iterator_Update_4_NT_Loop19_TestCase3, YES, 1729) (FSE_Bitvector_Mode_Missing_Iterator_Update_4_NT_Loop19_TestCase1, YES, 1706) (FSE_Bitvector_Mode_Missing_Iterator_Update_4_NT_Loop19_TestCase10, NO, 1725) (FSE_Bitvector_Mode_Missing_Iterator_Update_4_NT_Loop21_TestCase3, YES, 1746) (FSE_Bitvector_Mode_Missing_Iterator_Update_4_NT_Loop21_TestCase2, YES, 1733) (FSE_Bitvector_Mode_Missing_Iterator_Update_4_NT_Loop21_TestCase1, YES, 1777) (FSE_Bitvector_Mode_Missing_Iterator_Update_4_NT_Loop21_TestCase5, YES, 1789) (FSE_Bitvector_Mode_Missing_Iterator_Update_4_NT_Loop21_TestCase4, YES, 2236) (FSE_Bitvector_Mode_Missing_Iterator_Update_4_NT_Loop21_TestCase6, NO, 2330) (FSE_Bitvector_Mode_Missing_Iterator_Update_4_NT_Loop19_TestCase8, NO, 1701) (FSE_Bitvector_Mode_Missing_Iterator_Update_4_NT_Loop19_TestCase9, NO, 1713) (FSE_Bitvector_Mode_Missing_Iterator_Update_4_NT_Loop21_TestCase7, NO, 1746) | AK52: correct | AL52: 1 | AM52: 10/10 | AN52: 1 | AO52: 10/10 | AP52: 1 | AQ52: 20/20 | AR52: 35857 | AS52: 1792.85 | AT52: 1733.5
B53: Missing_Iterator_Update_4_T.c | C53: (FSE_Bitvector_Mode_Missing_Iterator_Update_4_T_Loop0_TestCase0, YES, 33023) | D53: correct | E53: 1 | F53: 1/1 | I53: 1 | J53: 1/1 | K53: 33023 | L53: 33023 | M53: 33023 | N53: (FSE_Bitvector_Mode_Missing_Iterator_Update_4_T_Loop21_TestCase0, YES, 23828) (FSE_Bitvector_Mode_Missing_Iterator_Update_4_T_Loop19_TestCase0, YES, 1803) | O53: correct | P53: 1 | Q53: 2/2 | T53: 1 | U53: 2/2 | V53: 25631 | W53: 12815.5 | X53: 12815.5 | Y53: (FSE_Bitvector_Mode_Missing_Iterator_Update_4_T_Loop0_TestCase10, YES, 63700) (FSE_Bitvector_Mode_Missing_Iterator_Update_4_T_Loop0_TestCase9, YES, 14451) (FSE_Bitvector_Mode_Missing_Iterator_Update_4_T_Loop0_TestCase8, YES, 27847) (FSE_Bitvector_Mode_Missing_Iterator_Update_4_T_Loop0_TestCase5, YES, 1706) (FSE_Bitvector_Mode_Missing_Iterator_Update_4_T_Loop0_TestCase4, YES, 1756) (FSE_Bitvector_Mode_Missing_Iterator_Update_4_T_Loop0_TestCase6, YES, 1741) (FSE_Bitvector_Mode_Missing_Iterator_Update_4_T_Loop0_TestCase7, YES, 3749) (FSE_Bitvector_Mode_Missing_Iterator_Update_4_T_Loop0_TestCase3, YES, 1720) (FSE_Bitvector_Mode_Missing_Iterator_Update_4_T_Loop0_TestCase2, YES, 1697) (FSE_Bitvector_Mode_Missing_Iterator_Update_4_T_Loop0_TestCase1, YES, 1698) | Z53: correct | AA53: 1 | AB53: 10/10 | AE53: 1 | AF53: 10/10 | AG53: 120065 | AH53: 12006.5 | AI53: 1748.5 | AJ53: (FSE_Bitvector_Mode_Missing_Iterator_Update_4_T_Loop21_TestCase1, YES, 1771) (FSE_Bitvector_Mode_Missing_Iterator_Update_4_T_Loop21_TestCase3, YES, 2011) (FSE_Bitvector_Mode_Missing_Iterator_Update_4_T_Loop21_TestCase2, YES, 1763) (FSE_Bitvector_Mode_Missing_Iterator_Update_4_T_Loop21_TestCase6, YES, 1750) (FSE_Bitvector_Mode_Missing_Iterator_Update_4_T_Loop19_TestCase8, YES, 1733) (FSE_Bitvector_Mode_Missing_Iterator_Update_4_T_Loop19_TestCase9, YES, 1745) (FSE_Bitvector_Mode_Missing_Iterator_Update_4_T_Loop21_TestCase7, YES, 3526) (FSE_Bitvector_Mode_Missing_Iterator_Update_4_T_Loop21_TestCase5, YES, 1805) (FSE_Bitvector_Mode_Missing_Iterator_Update_4_T_Loop19_TestCase10, YES, 1775) (FSE_Bitvector_Mode_Missing_Iterator_Update_4_T_Loop21_TestCase4, YES, 1732) (FSE_Bitvector_Mode_Missing_Iterator_Update_4_T_Loop21_TestCase10, YES, 8287) (FSE_Bitvector_Mode_Missing_Iterator_Update_4_T_Loop21_TestCase9, YES, 3566) (FSE_Bitvector_Mode_Missing_Iterator_Update_4_T_Loop19_TestCase7, YES, 2202) (FSE_Bitvector_Mode_Missing_Iterator_Update_4_T_Loop19_TestCase6, YES, 1751) (FSE_Bitvector_Mode_Missing_Iterator_Update_4_T_Loop21_TestCase8, YES, 4430) (FSE_Bitvector_Mode_Missing_Iterator_Update_4_T_Loop19_TestCase4, YES, 1771) (FSE_Bitvector_Mode_Missing_Iterator_Update_4_T_Loop19_TestCase5, YES, 1741) (FSE_Bitvector_Mode_Missing_Iterator_Update_4_T_Loop19_TestCase1, YES, 3787) (FSE_Bitvector_Mode_Missing_Iterator_Update_4_T_Loop19_TestCase2, YES, 1756) (FSE_Bitvector_Mode_Missing_Iterator_Update_4_T_Loop19_TestCase3, YES, 1768) | AK53: correct | AL53: 1 | AM53: 20/20 | AP53: 1 | AQ53: 20/20 | AR53: 50670 | AS53: 2533.5 | AT53: 1771
B54: Missing_Iterator_Update_5_NT.c | C54: (FSE_Bitvector_Mode_Missing_Iterator_Update_5_NT_Loop0_TestCase0, NO, 2858) | D54: correct | E54: 0 | F54: 0/0 | G54: 1 | H54: 1/1 | I54: 1 | J54: 1/1 | K54: 2858 | L54: 2858 | M54: 2858 | N54: (FSE_Bitvector_Mode_Missing_Iterator_Update_5_NT_Loop18_TestCase0, MAYBE, 1265) (FSE_Bitvector_Mode_Missing_Iterator_Update_5_NT_Loop23_TestCase0, NO, 31873) | O54: correct | P54: 0 | Q54: 0/0 | R54: 0.5 | S54: 1/2 | T54: 0.5 | U54: 1/2 | V54: 31873 | W54: 31873 | X54: 31873 | Y54: (FSE_Bitvector_Mode_Missing_Iterator_Update_5_NT_Loop0_TestCase9, NO, 1764) (FSE_Bitvector_Mode_Missing_Iterator_Update_5_NT_Loop0_TestCase8, NO, 1771) (FSE_Bitvector_Mode_Missing_Iterator_Update_5_NT_Loop0_TestCase10, NO, 1731) (FSE_Bitvector_Mode_Missing_Iterator_Update_5_NT_Loop0_TestCase3, YES, 1747) (FSE_Bitvector_Mode_Missing_Iterator_Update_5_NT_Loop0_TestCase2, NO, 1732) (FSE_Bitvector_Mode_Missing_Iterator_Update_5_NT_Loop0_TestCase1, YES, 1718) (FSE_Bitvector_Mode_Missing_Iterator_Update_5_NT_Loop0_TestCase5, YES, 1722) (FSE_Bitvector_Mode_Missing_Iterator_Update_5_NT_Loop0_TestCase4, NO, 1783) (FSE_Bitvector_Mode_Missing_Iterator_Update_5_NT_Loop0_TestCase6, NO, 1784) (FSE_Bitvector_Mode_Missing_Iterator_Update_5_NT_Loop0_TestCase7, NO, 1739) | Z54: correct | AA54: 0.6 | AB54: 3/5 | AC54: 1 | AD54: 5/5 | AE54: 0.8 | AF54: 8/10 | AG54: 13976 | AH54: 1747 | AI54: 1743 | AJ54: (FSE_Bitvector_Mode_Missing_Iterator_Update_5_NT_Loop23_TestCase10, NO, 89818) (FSE_Bitvector_Mode_Missing_Iterator_Update_5_NT_Loop18_TestCase7, MAYBE, 1251) (FSE_Bitvector_Mode_Missing_Iterator_Update_5_NT_Loop18_TestCase6, MAYBE, 1232) (FSE_Bitvector_Mode_Missing_Iterator_Update_5_NT_Loop18_TestCase4, MAYBE, 1226) (FSE_Bitvector_Mode_Missing_Iterator_Update_5_NT_Loop18_TestCase5, MAYBE, 1242) (FSE_Bitvector_Mode_Missing_Iterator_Update_5_NT_Loop18_TestCase1, MAYBE, 1248) (FSE_Bitvector_Mode_Missing_Iterator_Update_5_NT_Loop23_TestCase9, NO, 3784) (FSE_Bitvector_Mode_Missing_Iterator_Update_5_NT_Loop18_TestCase2, MAYBE, 1465) (FSE_Bitvector_Mode_Missing_Iterator_Update_5_NT_Loop18_TestCase3, MAYBE, 1237) (FSE_Bitvector_Mode_Missing_Iterator_Update_5_NT_Loop23_TestCase8, TIMEOUT, 301875) (FSE_Bitvector_Mode_Missing_Iterator_Update_5_NT_Loop23_TestCase5, YES, 1904) (FSE_Bitvector_Mode_Missing_Iterator_Update_5_NT_Loop23_TestCase4, NO, 4498) (FSE_Bitvector_Mode_Missing_Iterator_Update_5_NT_Loop23_TestCase6, NO, 2923) (FSE_Bitvector_Mode_Missing_Iterator_Update_5_NT_Loop23_TestCase7, NO, 2867) (FSE_Bitvector_Mode_Missing_Iterator_Update_5_NT_Loop23_TestCase3, YES, 1975) (FSE_Bitvector_Mode_Missing_Iterator_Update_5_NT_Loop18_TestCase8, MAYBE, 1238) (FSE_Bitvector_Mode_Missing_Iterator_Update_5_NT_Loop18_TestCase9, MAYBE, 1247) (FSE_Bitvector_Mode_Missing_Iterator_Update_5_NT_Loop23_TestCase2, NO, 2112) (FSE_Bitvector_Mode_Missing_Iterator_Update_5_NT_Loop23_TestCase1, YES, 2122) (FSE_Bitvector_Mode_Missing_Iterator_Update_5_NT_Loop18_TestCase10, MAYBE, 1232) | AK54: correct | AL54: 0.3 | AM54: 3/10 | AN54: 0.4 | AO54: 4/10 | AP54: 0.35 | AQ54: 7/20 | AR54: 105393 | AS54: 15056.14 | AT54: 2867 | AU54: Array
B55: Missing_Iterator_Update_5_T.c | C55: (FSE_Bitvector_Mode_Missing_Iterator_Update_5_T_Loop0_TestCase0, ERROR, 2164) | D55: correct | E55: 0 | F55: 0/1 | I55: 0 | J55: 0/1 | K55: 0 | L55: 0 | M55: 0 | N55: (FSE_Bitvector_Mode_Missing_Iterator_Update_5_T_Loop22_TestCase0, YES, 2342) (FSE_Bitvector_Mode_Missing_Iterator_Update_5_T_Loop17_TestCase0, MAYBE, 1264) | O55: correct | P55: 0.5 | Q55: 1/2 | T55: 0.5 | U55: 1/2 | V55: 2342 | W55: 2342 | X55: 2342 | Y55: (FSE_Bitvector_Mode_Missing_Iterator_Update_5_T_Loop0_TestCase6, YES, 1840) (FSE_Bitvector_Mode_Missing_Iterator_Update_5_T_Loop0_TestCase7, YES, 1849) (FSE_Bitvector_Mode_Missing_Iterator_Update_5_T_Loop0_TestCase5, YES, 1741) (FSE_Bitvector_Mode_Missing_Iterator_Update_5_T_Loop0_TestCase4, YES, 1882) (FSE_Bitvector_Mode_Missing_Iterator_Update_5_T_Loop0_TestCase1, YES, 1751) (FSE_Bitvector_Mode_Missing_Iterator_Update_5_T_Loop0_TestCase3, YES, 1719) (FSE_Bitvector_Mode_Missing_Iterator_Update_5_T_Loop0_TestCase2, YES, 1846) (FSE_Bitvector_Mode_Missing_Iterator_Update_5_T_Loop0_TestCase10, YES, 1858) (FSE_Bitvector_Mode_Missing_Iterator_Update_5_T_Loop0_TestCase9, YES, 1839) (FSE_Bitvector_Mode_Missing_Iterator_Update_5_T_Loop0_TestCase8, YES, 1859) | Z55: correct | AA55: 1 | AB55: 10/10 | AE55: 1 | AF55: 10/10 | AG55: 18184 | AH55: 1818.4 | AI55: 1843 | AJ55: (FSE_Bitvector_Mode_Missing_Iterator_Update_5_T_Loop17_TestCase9, MAYBE, 1198) (FSE_Bitvector_Mode_Missing_Iterator_Update_5_T_Loop17_TestCase8, MAYBE, 1228) (FSE_Bitvector_Mode_Missing_Iterator_Update_5_T_Loop22_TestCase1, YES, 1891) (FSE_Bitvector_Mode_Missing_Iterator_Update_5_T_Loop22_TestCase2, YES, 2122) (FSE_Bitvector_Mode_Missing_Iterator_Update_5_T_Loop22_TestCase3, YES, 2000) (FSE_Bitvector_Mode_Missing_Iterator_Update_5_T_Loop22_TestCase7, YES, 2767) (FSE_Bitvector_Mode_Missing_Iterator_Update_5_T_Loop22_TestCase6, YES, 2075) (FSE_Bitvector_Mode_Missing_Iterator_Update_5_T_Loop22_TestCase10, YES, 2039) (FSE_Bitvector_Mode_Missing_Iterator_Update_5_T_Loop22_TestCase4, YES, 2104) (FSE_Bitvector_Mode_Missing_Iterator_Update_5_T_Loop22_TestCase5, YES, 1814) (FSE_Bitvector_Mode_Missing_Iterator_Update_5_T_Loop22_TestCase8, YES, 3771) (FSE_Bitvector_Mode_Missing_Iterator_Update_5_T_Loop22_TestCase9, YES, 2019) (FSE_Bitvector_Mode_Missing_Iterator_Update_5_T_Loop17_TestCase10, MAYBE, 1211) (FSE_Bitvector_Mode_Missing_Iterator_Update_5_T_Loop17_TestCase6, MAYBE, 1370) (FSE_Bitvector_Mode_Missing_Iterator_Update_5_T_Loop17_TestCase7, MAYBE, 1227) (FSE_Bitvector_Mode_Missing_Iterator_Update_5_T_Loop17_TestCase5, MAYBE, 1204) (FSE_Bitvector_Mode_Missing_Iterator_Update_5_T_Loop17_TestCase4, MAYBE, 1216) (FSE_Bitvector_Mode_Missing_Iterator_Update_5_T_Loop17_TestCase1, MAYBE, 1214) (FSE_Bitvector_Mode_Missing_Iterator_Update_5_T_Loop17_TestCase3, MAYBE, 1223) (FSE_Bitvector_Mode_Missing_Iterator_Update_5_T_Loop17_TestCase2, MAYBE, 1194) | AK55: correct | AL55: 0.5 | AM55: 10/20 | AP55: 0.5 | AQ55: 10/20 | AR55: 22602 | AS55: 2260.2 | AT55: 2057 | AU55: Array
B56: Misusing_Variable_Type_1_NT.c | C56: (FSE_Bitvector_Mode_Misusing_Variable_Type_1_NT_Loop0_TestCase0, NO, 1693) | D56: correct | E56: 0 | F56: 0/0 | G56: 1 | H56: 1/1 | I56: 1 | J56: 1/1 | K56: 1693 | L56: 1693 | M56: 1693 | N56: (FSE_Bitvector_Mode_Misusing_Variable_Type_1_NT_Loop18_TestCase0, NO, 1746) (FSE_Bitvector_Mode_Misusing_Variable_Type_1_NT_Loop16_TestCase0, NO, 1795) (FSE_Bitvector_Mode_Misusing_Variable_Type_1_NT_Loop14_TestCase0, YES, 1771) | O56: correct | P56: 1 | Q56: 1/1 | R56: 1 | S56: 2/2 | T56: 1 | U56: 3/3 | V56: 5312 | W56: 1770.67 | X56: 1771 | Y56: (FSE_Bitvector_Mode_Misusing_Variable_Type_1_NT_Loop0_TestCase0, NO, 1697) | Z56: correct | AA56: 0 | AB56: 0/0 | AC56: 1 | AD56: 1/1 | AE56: 1 | AF56: 1/1 | AG56: 1697 | AH56: 1697 | AI56: 1697 | AJ56: (FSE_Bitvector_Mode_Misusing_Variable_Type_1_NT_Loop18_TestCase0, NO, 1712) (FSE_Bitvector_Mode_Misusing_Variable_Type_1_NT_Loop16_TestCase0, NO, 1718) (FSE_Bitvector_Mode_Misusing_Variable_Type_1_NT_Loop14_TestCase0, YES, 1727) | AK56: correct | AL56: 1 | AM56: 1/1 | AN56: 1 | AO56: 2/2 | AP56: 1 | AQ56: 3/3 | AR56: 5157 | AS56: 1719 | AT56: 1718 | AU56: Overflow/Underflow
B57: Misusing_Variable_Type_1_T.c | C57: (FSE_Bitvector_Mode_Misusing_Variable_Type_1_T_Loop0_TestCase0, YES, 10442) | D57: correct | E57: 1 | F57: 1/1 | I57: 1 | J57: 1/1 | K57: 10442 | L57: 10442 | M57: 10442 | N57: (FSE_Bitvector_Mode_Misusing_Variable_Type_1_T_Loop18_TestCase0, YES, 17125) (FSE_Bitvector_Mode_Misusing_Variable_Type_1_T_Loop16_TestCase0, YES, 3072) (FSE_Bitvector_Mode_Misusing_Variable_Type_1_T_Loop14_TestCase0, YES, 1774) | O57: correct | P57: 1 | Q57: 3/3 | T57: 1 | U57: 3/3 | V57: 21971 | W57: 7323.67 | X57: 3072 | Y57: (FSE_Bitvector_Mode_Misusing_Variable_Type_1_T_Loop0_TestCase0, YES, 21439) | Z57: correct | AA57: 1 | AB57: 1/1 | AE57: 1 | AF57: 1/1 | AG57: 21439 | AH57: 21439 | AI57: 21439 | AJ57: (FSE_Bitvector_Mode_Misusing_Variable_Type_1_T_Loop18_TestCase0, YES, 42965) (FSE_Bitvector_Mode_Misusing_Variable_Type_1_T_Loop16_TestCase0, YES, 3582) (FSE_Bitvector_Mode_Misusing_Variable_Type_1_T_Loop14_TestCase0, YES, 1738) | AK57: correct | AL57: 1 | AM57: 3/3 | AP57: 1 | AQ57: 3/3 | AR57: 48285 | AS57: 16095 | AT57: 3582 | AU57: Overflow/Underflow
B58: Misusing_Variable_Type_2_NT.c | C58: (FSE_Bitvector_Mode_Misusing_Variable_Type_2_NT_Loop0_TestCase0, NO, 2098) | D58: correct | E58: 0 | F58: 0/0 | G58: 1 | H58: 1/1 | I58: 1 | J58: 1/1 | K58: 2098 | L58: 2098 | M58: 2098 | N58: (FSE_Bitvector_Mode_Misusing_Variable_Type_2_NT_Loop24_TestCase0, NO, 2143) | O58: correct | P58: 0 | Q58: 0/0 | R58: 1 | S58: 1/1 | T58: 1 | U58: 1/1 | V58: 2143 | W58: 2143 | X58: 2143 | Y58: (FSE_Bitvector_Mode_Misusing_Variable_Type_2_NT_Loop0_TestCase10, NO, 1755) (FSE_Bitvector_Mode_Misusing_Variable_Type_2_NT_Loop0_TestCase9, NO, 1769) (FSE_Bitvector_Mode_Misusing_Variable_Type_2_NT_Loop0_TestCase8, NO, 1799) (FSE_Bitvector_Mode_Misusing_Variable_Type_2_NT_Loop0_TestCase6, NO, 1744) (FSE_Bitvector_Mode_Misusing_Variable_Type_2_NT_Loop0_TestCase7, NO, 1810) (FSE_Bitvector_Mode_Misusing_Variable_Type_2_NT_Loop0_TestCase5, YES, 1813) (FSE_Bitvector_Mode_Misusing_Variable_Type_2_NT_Loop0_TestCase4, YES, 1872) (FSE_Bitvector_Mode_Misusing_Variable_Type_2_NT_Loop0_TestCase1, YES, 1793) (FSE_Bitvector_Mode_Misusing_Variable_Type_2_NT_Loop0_TestCase3, YES, 1845) (FSE_Bitvector_Mode_Misusing_Variable_Type_2_NT_Loop0_TestCase2, YES, 1771) | Z58: correct | AA58: 1 | AB58: 5/5 | AC58: 1 | AD58: 5/5 | AE58: 1 | AF58: 10/10 | AG58: 17971 | AH58: 1797.1 | AI58: 1796 | AJ58: (FSE_Bitvector_Mode_Misusing_Variable_Type_2_NT_Loop24_TestCase8, NO, 1798) (FSE_Bitvector_Mode_Misusing_Variable_Type_2_NT_Loop24_TestCase9, NO, 1747) (FSE_Bitvector_Mode_Misusing_Variable_Type_2_NT_Loop24_TestCase7, NO, 1769) (FSE_Bitvector_Mode_Misusing_Variable_Type_2_NT_Loop24_TestCase6, NO, 1819) (FSE_Bitvector_Mode_Misusing_Variable_Type_2_NT_Loop24_TestCase4, YES, 2076) (FSE_Bitvector_Mode_Misusing_Variable_Type_2_NT_Loop24_TestCase5, YES, 1882) (FSE_Bitvector_Mode_Misusing_Variable_Type_2_NT_Loop24_TestCase1, YES, 2248) (FSE_Bitvector_Mode_Misusing_Variable_Type_2_NT_Loop24_TestCase2, YES, 1789) (FSE_Bitvector_Mode_Misusing_Variable_Type_2_NT_Loop24_TestCase3, YES, 1781) (FSE_Bitvector_Mode_Misusing_Variable_Type_2_NT_Loop24_TestCase10, NO, 1885) | AK58: correct | AL58: 1 | AM58: 5/5 | AN58: 1 | AO58: 5/5 | AP58: 1 | AQ58: 10/10 | AR58: 18794 | AS58: 1879.4 | AT58: 1808.5 | AU58: Overflow/Underflow
B59: Misusing_Variable_Type_2_T.c | C59: (FSE_Bitvector_Mode_Misusing_Variable_Type_2_T_Loop0_TestCase0, YES, 1919) | D59: correct | E59: 1 | F59: 1/1 | I59: 1 | J59: 1/1 | K59: 1919 | L59: 1919 | M59: 1919 | N59: (FSE_Bitvector_Mode_Misusing_Variable_Type_2_T_Loop23_TestCase0, YES, 1904) | O59: correct | P59: 1 | Q59: 1/1 | T59: 1 | U59: 1/1 | V59: 1904 | W59: 1904 | X59: 1904 | Y59: (FSE_Bitvector_Mode_Misusing_Variable_Type_2_T_Loop0_TestCase10, YES, 1816) (FSE_Bitvector_Mode_Misusing_Variable_Type_2_T_Loop0_TestCase9, YES, 1875) (FSE_Bitvector_Mode_Misusing_Variable_Type_2_T_Loop0_TestCase8, YES, 1823) (FSE_Bitvector_Mode_Misusing_Variable_Type_2_T_Loop0_TestCase3, YES, 1864) (FSE_Bitvector_Mode_Misusing_Variable_Type_2_T_Loop0_TestCase2, YES, 1710) (FSE_Bitvector_Mode_Misusing_Variable_Type_2_T_Loop0_TestCase1, YES, 1707) (FSE_Bitvector_Mode_Misusing_Variable_Type_2_T_Loop0_TestCase5, YES, 1875) (FSE_Bitvector_Mode_Misusing_Variable_Type_2_T_Loop0_TestCase4, YES, 1823) (FSE_Bitvector_Mode_Misusing_Variable_Type_2_T_Loop0_TestCase6, YES, 1843) (FSE_Bitvector_Mode_Misusing_Variable_Type_2_T_Loop0_TestCase7, YES, 1827) | Z59: correct | AA59: 1 | AB59: 10/10 | AE59: 1 | AF59: 10/10 | AG59: 18163 | AH59: 1816.3 | AI59: 1825 | AJ59: (FSE_Bitvector_Mode_Misusing_Variable_Type_2_T_Loop23_TestCase9, YES, 4000) (FSE_Bitvector_Mode_Misusing_Variable_Type_2_T_Loop23_TestCase8, YES, 1853) (FSE_Bitvector_Mode_Misusing_Variable_Type_2_T_Loop23_TestCase10, YES, 1853) (FSE_Bitvector_Mode_Misusing_Variable_Type_2_T_Loop23_TestCase3, YES, 1893) (FSE_Bitvector_Mode_Misusing_Variable_Type_2_T_Loop23_TestCase2, YES, 1943) (FSE_Bitvector_Mode_Misusing_Variable_Type_2_T_Loop23_TestCase1, YES, 1753) (FSE_Bitvector_Mode_Misusing_Variable_Type_2_T_Loop23_TestCase5, YES, 1852) (FSE_Bitvector_Mode_Misusing_Variable_Type_2_T_Loop23_TestCase4, YES, 1854) (FSE_Bitvector_Mode_Misusing_Variable_Type_2_T_Loop23_TestCase6, YES, 1867) (FSE_Bitvector_Mode_Misusing_Variable_Type_2_T_Loop23_TestCase7, YES, 1878) | AK59: correct | AL59: 1 | AM59: 10/10 | AP59: 1 | AQ59: 10/10 | AR59: 20746 | AS59: 2074.6 | AT59: 1860.5 | AU59: Overflow/Underflow
B60: Reusing_Same_Loop_Iterator_1_NT.c | C60: (FSE_Bitvector_Mode_Reusing_Same_Loop_Iterator_1_NT_Loop0_TestCase0, NO, 1984) | D60: correct | E60: 0 | F60: 0/0 | G60: 1 | H60: 1/1 | I60: 1 | J60: 1/1 | K60: 1984 | L60: 1984 | M60: 1984 | N60: (FSE_Bitvector_Mode_Reusing_Same_Loop_Iterator_1_NT_Loop17_TestCase0, NO, 1879) (FSE_Bitvector_Mode_Reusing_Same_Loop_Iterator_1_NT_Loop19_TestCase0, NO, 1927) | O60: correct | P60: 0 | Q60: 0/0 | R60: 1 | S60: 2/2 | T60: 1 | U60: 2/2 | V60: 3806 | W60: 1903 | X60: 1903 | Y60: (FSE_Bitvector_Mode_Reusing_Same_Loop_Iterator_1_NT_Loop0_TestCase4, YES, 1752) (FSE_Bitvector_Mode_Reusing_Same_Loop_Iterator_1_NT_Loop0_TestCase5, YES, 1768) (FSE_Bitvector_Mode_Reusing_Same_Loop_Iterator_1_NT_Loop0_TestCase7, NO, 1998) (FSE_Bitvector_Mode_Reusing_Same_Loop_Iterator_1_NT_Loop0_TestCase6, NO, 3224) (FSE_Bitvector_Mode_Reusing_Same_Loop_Iterator_1_NT_Loop0_TestCase2, YES, 1741) (FSE_Bitvector_Mode_Reusing_Same_Loop_Iterator_1_NT_Loop0_TestCase3, YES, 1699) (FSE_Bitvector_Mode_Reusing_Same_Loop_Iterator_1_NT_Loop0_TestCase1, YES, 1706) (FSE_Bitvector_Mode_Reusing_Same_Loop_Iterator_1_NT_Loop0_TestCase10, NO, 2044) (FSE_Bitvector_Mode_Reusing_Same_Loop_Iterator_1_NT_Loop0_TestCase8, NO, 1732) (FSE_Bitvector_Mode_Reusing_Same_Loop_Iterator_1_NT_Loop0_TestCase9, NO, 1722) | Z60: correct | AA60: 1 | AB60: 5/5 | AC60: 1 | AD60: 5/5 | AE60: 1 | AF60: 10/10 | AG60: 19386 | AH60: 1938.6 | AI60: 1746.5 | AJ60: (FSE_Bitvector_Mode_Reusing_Same_Loop_Iterator_1_NT_Loop17_TestCase3, YES, 1697) (FSE_Bitvector_Mode_Reusing_Same_Loop_Iterator_1_NT_Loop17_TestCase10, NO, 2058) (FSE_Bitvector_Mode_Reusing_Same_Loop_Iterator_1_NT_Loop17_TestCase2, YES, 1747) (FSE_Bitvector_Mode_Reusing_Same_Loop_Iterator_1_NT_Loop17_TestCase1, YES, 1738) (FSE_Bitvector_Mode_Reusing_Same_Loop_Iterator_1_NT_Loop17_TestCase5, YES, 2259) (FSE_Bitvector_Mode_Reusing_Same_Loop_Iterator_1_NT_Loop19_TestCase10, NO, 2164) (FSE_Bitvector_Mode_Reusing_Same_Loop_Iterator_1_NT_Loop17_TestCase4, YES, 1958) (FSE_Bitvector_Mode_Reusing_Same_Loop_Iterator_1_NT_Loop17_TestCase6, NO, 3258) (FSE_Bitvector_Mode_Reusing_Same_Loop_Iterator_1_NT_Loop17_TestCase7, NO, 2028) (FSE_Bitvector_Mode_Reusing_Same_Loop_Iterator_1_NT_Loop19_TestCase6, NO, 3492) (FSE_Bitvector_Mode_Reusing_Same_Loop_Iterator_1_NT_Loop19_TestCase7, NO, 2048) (FSE_Bitvector_Mode_Reusing_Same_Loop_Iterator_1_NT_Loop19_TestCase5, YES, 1838) (FSE_Bitvector_Mode_Reusing_Same_Loop_Iterator_1_NT_Loop19_TestCase4, YES, 1737) (FSE_Bitvector_Mode_Reusing_Same_Loop_Iterator_1_NT_Loop19_TestCase1, YES, 1747) (FSE_Bitvector_Mode_Reusing_Same_Loop_Iterator_1_NT_Loop19_TestCase3, YES, 1734) (FSE_Bitvector_Mode_Reusing_Same_Loop_Iterator_1_NT_Loop19_TestCase2, YES, 2419) (FSE_Bitvector_Mode_Reusing_Same_Loop_Iterator_1_NT_Loop19_TestCase9, NO, 1725) (FSE_Bitvector_Mode_Reusing_Same_Loop_Iterator_1_NT_Loop19_TestCase8, NO, 1795) (FSE_Bitvector_Mode_Reusing_Same_Loop_Iterator_1_NT_Loop17_TestCase9, NO, 1713) (FSE_Bitvector_Mode_Reusing_Same_Loop_Iterator_1_NT_Loop17_TestCase8, NO, 1729) | AK60: correct | AL60: 1 | AM60: 10/10 | AN60: 1 | AO60: 10/10 | AP60: 1 | AQ60: 20/20 | AR60: 40884 | AS60: 2044.2 | AT60: 1816.5
B61: Reusing_Same_Loop_Iterator_1_T.c | C61: (FSE_Bitvector_Mode_Reusing_Same_Loop_Iterator_1_T_Loop0_TestCase0, YES, 108992) | D61: correct | E61: 1 | F61: 1/1 | I61: 1 | J61: 1/1 | K61: 108992 | L61: 108992 | M61: 108992 | N61: (FSE_Bitvector_Mode_Reusing_Same_Loop_Iterator_1_T_Loop17_TestCase0, YES, 1868) (FSE_Bitvector_Mode_Reusing_Same_Loop_Iterator_1_T_Loop19_TestCase0, YES, 27566) | O61: correct | P61: 1 | Q61: 2/2 | T61: 1 | U61: 2/2 | V61: 29434 | W61: 14717 | X61: 14717 | Y61: (FSE_Bitvector_Mode_Reusing_Same_Loop_Iterator_1_T_Loop0_TestCase3, YES, 1719) (FSE_Bitvector_Mode_Reusing_Same_Loop_Iterator_1_T_Loop0_TestCase2, YES, 5085) (FSE_Bitvector_Mode_Reusing_Same_Loop_Iterator_1_T_Loop0_TestCase1, YES, 1704) (FSE_Bitvector_Mode_Reusing_Same_Loop_Iterator_1_T_Loop0_TestCase5, YES, 6212) (FSE_Bitvector_Mode_Reusing_Same_Loop_Iterator_1_T_Loop0_TestCase4, YES, 1711) (FSE_Bitvector_Mode_Reusing_Same_Loop_Iterator_1_T_Loop0_TestCase6, YES, 5275) (FSE_Bitvector_Mode_Reusing_Same_Loop_Iterator_1_T_Loop0_TestCase7, YES, 6273) (FSE_Bitvector_Mode_Reusing_Same_Loop_Iterator_1_T_Loop0_TestCase10, ERROR, 4939) (FSE_Bitvector_Mode_Reusing_Same_Loop_Iterator_1_T_Loop0_TestCase9, YES, 1710) (FSE_Bitvector_Mode_Reusing_Same_Loop_Iterator_1_T_Loop0_TestCase8, YES, 5212) | Z61: correct | AA61: 0.9 | AB61: 9/10 | AE61: 0.9 | AF61: 9/10 | AG61: 34901 | AH61: 3877.89 | AI61: 5085 | AJ61: (FSE_Bitvector_Mode_Reusing_Same_Loop_Iterator_1_T_Loop17_TestCase1, YES, 1723) (FSE_Bitvector_Mode_Reusing_Same_Loop_Iterator_1_T_Loop17_TestCase2, YES, 1793) (FSE_Bitvector_Mode_Reusing_Same_Loop_Iterator_1_T_Loop17_TestCase3, YES, 1746) (FSE_Bitvector_Mode_Reusing_Same_Loop_Iterator_1_T_Loop17_TestCase7, YES, 1708) (FSE_Bitvector_Mode_Reusing_Same_Loop_Iterator_1_T_Loop17_TestCase6, YES, 1791) (FSE_Bitvector_Mode_Reusing_Same_Loop_Iterator_1_T_Loop17_TestCase4, YES, 1737) (FSE_Bitvector_Mode_Reusing_Same_Loop_Iterator_1_T_Loop17_TestCase5, YES, 1742) (FSE_Bitvector_Mode_Reusing_Same_Loop_Iterator_1_T_Loop17_TestCase10, YES, 1713) (FSE_Bitvector_Mode_Reusing_Same_Loop_Iterator_1_T_Loop19_TestCase4, YES, 1713) (FSE_Bitvector_Mode_Reusing_Same_Loop_Iterator_1_T_Loop19_TestCase5, YES, 8596) (FSE_Bitvector_Mode_Reusing_Same_Loop_Iterator_1_T_Loop19_TestCase7, YES, 7471) (FSE_Bitvector_Mode_Reusing_Same_Loop_Iterator_1_T_Loop19_TestCase6, YES, 3459) (FSE_Bitvector_Mode_Reusing_Same_Loop_Iterator_1_T_Loop19_TestCase10, YES, 7712) (FSE_Bitvector_Mode_Reusing_Same_Loop_Iterator_1_T_Loop19_TestCase2, YES, 5694) (FSE_Bitvector_Mode_Reusing_Same_Loop_Iterator_1_T_Loop19_TestCase3, YES, 1715) (FSE_Bitvector_Mode_Reusing_Same_Loop_Iterator_1_T_Loop19_TestCase1, YES, 1989) (FSE_Bitvector_Mode_Reusing_Same_Loop_Iterator_1_T_Loop19_TestCase8, YES, 7225) (FSE_Bitvector_Mode_Reusing_Same_Loop_Iterator_1_T_Loop19_TestCase9, YES, 1848) (FSE_Bitvector_Mode_Reusing_Same_Loop_Iterator_1_T_Loop17_TestCase8, YES, 1747) (FSE_Bitvector_Mode_Reusing_Same_Loop_Iterator_1_T_Loop17_TestCase9, YES, 1721) | AK61: correct | AL61: 1 | AM61: 20/20 | AP61: 1 | AQ61: 20/20 | AR61: 64843 | AS61: 3242.15 | AT61: 1769
B62: Reusing_Same_Loop_Iterator_2_NT.c | C62: (FSE_Bitvector_Mode_Reusing_Same_Loop_Iterator_2_NT_Loop0_TestCase0, NO, 2193) | D62: correct | E62: 0 | F62: 0/0 | G62: 1 | H62: 1/1 | I62: 1 | J62: 1/1 | K62: 2193 | L62: 2193 | M62: 2193 | N62: (FSE_Bitvector_Mode_Reusing_Same_Loop_Iterator_2_NT_Loop16_TestCase0, NO, 2166) (FSE_Bitvector_Mode_Reusing_Same_Loop_Iterator_2_NT_Loop18_TestCase0, NO, 2090) | O62: correct | P62: 0 | Q62: 0/0 | R62: 1 | S62: 2/2 | T62: 1 | U62: 2/2 | V62: 4256 | W62: 2128 | X62: 2128 | Y62: (FSE_Bitvector_Mode_Reusing_Same_Loop_Iterator_2_NT_Loop0_TestCase1, YES, 1713) (FSE_Bitvector_Mode_Reusing_Same_Loop_Iterator_2_NT_Loop0_TestCase2, YES, 1697) (FSE_Bitvector_Mode_Reusing_Same_Loop_Iterator_2_NT_Loop0_TestCase3, YES, 1688) (FSE_Bitvector_Mode_Reusing_Same_Loop_Iterator_2_NT_Loop0_TestCase7, NO, 2621) (FSE_Bitvector_Mode_Reusing_Same_Loop_Iterator_2_NT_Loop0_TestCase6, NO, 2001) (FSE_Bitvector_Mode_Reusing_Same_Loop_Iterator_2_NT_Loop0_TestCase4, YES, 1699) (FSE_Bitvector_Mode_Reusing_Same_Loop_Iterator_2_NT_Loop0_TestCase5, YES, 1701) (FSE_Bitvector_Mode_Reusing_Same_Loop_Iterator_2_NT_Loop0_TestCase8, NO, 2950) (FSE_Bitvector_Mode_Reusing_Same_Loop_Iterator_2_NT_Loop0_TestCase9, NO, 1698) (FSE_Bitvector_Mode_Reusing_Same_Loop_Iterator_2_NT_Loop0_TestCase10, NO, 2937) | Z62: correct | AA62: 1 | AB62: 5/5 | AC62: 1 | AD62: 3/3 | AE62: 0.8 | AF62: 8/10 | AG62: 16083 | AH62: 2010.38 | AI62: 1700 | AJ62: (FSE_Bitvector_Mode_Reusing_Same_Loop_Iterator_2_NT_Loop18_TestCase8, NO, 2940) (FSE_Bitvector_Mode_Reusing_Same_Loop_Iterator_2_NT_Loop18_TestCase9, NO, 1745) (FSE_Bitvector_Mode_Reusing_Same_Loop_Iterator_2_NT_Loop16_TestCase8, NO, 3029) (FSE_Bitvector_Mode_Reusing_Same_Loop_Iterator_2_NT_Loop16_TestCase9, NO, 1702) (FSE_Bitvector_Mode_Reusing_Same_Loop_Iterator_2_NT_Loop16_TestCase1, YES, 1726) (FSE_Bitvector_Mode_Reusing_Same_Loop_Iterator_2_NT_Loop16_TestCase10, NO, 3048) (FSE_Bitvector_Mode_Reusing_Same_Loop_Iterator_2_NT_Loop16_TestCase2, YES, 2774) (FSE_Bitvector_Mode_Reusing_Same_Loop_Iterator_2_NT_Loop16_TestCase3, YES, 1711) (FSE_Bitvector_Mode_Reusing_Same_Loop_Iterator_2_NT_Loop16_TestCase7, NO, 2845) (FSE_Bitvector_Mode_Reusing_Same_Loop_Iterator_2_NT_Loop18_TestCase10, NO, 2865) (FSE_Bitvector_Mode_Reusing_Same_Loop_Iterator_2_NT_Loop16_TestCase6, NO, 2131) (FSE_Bitvector_Mode_Reusing_Same_Loop_Iterator_2_NT_Loop16_TestCase4, YES, 1803) (FSE_Bitvector_Mode_Reusing_Same_Loop_Iterator_2_NT_Loop16_TestCase5, YES, 1743) (FSE_Bitvector_Mode_Reusing_Same_Loop_Iterator_2_NT_Loop18_TestCase4, YES, 1754) (FSE_Bitvector_Mode_Reusing_Same_Loop_Iterator_2_NT_Loop18_TestCase5, YES, 2261) (FSE_Bitvector_Mode_Reusing_Same_Loop_Iterator_2_NT_Loop18_TestCase7, NO, 2554) (FSE_Bitvector_Mode_Reusing_Same_Loop_Iterator_2_NT_Loop18_TestCase6, NO, 2079) (FSE_Bitvector_Mode_Reusing_Same_Loop_Iterator_2_NT_Loop18_TestCase2, YES, 1784) (FSE_Bitvector_Mode_Reusing_Same_Loop_Iterator_2_NT_Loop18_TestCase3, YES, 1724) (FSE_Bitvector_Mode_Reusing_Same_Loop_Iterator_2_NT_Loop18_TestCase1, YES, 1711) | AK62: correct | AL62: 1 | AM62: 10/10 | AN62: 1 | AO62: 10/10 | AP62: 1 | AQ62: 20/20 | AR62: 43929 | AS62: 2196.45 | AT62: 1941
B63: Reusing_Same_Loop_Iterator_2_T.c | C63: (FSE_Bitvector_Mode_Reusing_Same_Loop_Iterator_2_T_Loop0_TestCase0, YES, 27037) | D63: correct | E63: 1 | F63: 1/1 | I63: 1 | J63: 1/1 | K63: 27037 | L63: 27037 | M63: 27037 | N63: (FSE_Bitvector_Mode_Reusing_Same_Loop_Iterator_2_T_Loop17_TestCase0, YES, 1850) (FSE_Bitvector_Mode_Reusing_Same_Loop_Iterator_2_T_Loop20_TestCase0, YES, 34274) | O63: correct | P63: 1 | Q63: 2/2 | T63: 1 | U63: 2/2 | V63: 36124 | W63: 18062 | X63: 18062 | Y63: (FSE_Bitvector_Mode_Reusing_Same_Loop_Iterator_2_T_Loop0_TestCase8, YES, 4518) (FSE_Bitvector_Mode_Reusing_Same_Loop_Iterator_2_T_Loop0_TestCase9, YES, 5669) (FSE_Bitvector_Mode_Reusing_Same_Loop_Iterator_2_T_Loop0_TestCase7, YES, 4612) (FSE_Bitvector_Mode_Reusing_Same_Loop_Iterator_2_T_Loop0_TestCase6, YES, 4763) (FSE_Bitvector_Mode_Reusing_Same_Loop_Iterator_2_T_Loop0_TestCase4, YES, 1675) (FSE_Bitvector_Mode_Reusing_Same_Loop_Iterator_2_T_Loop0_TestCase5, YES, 1708) (FSE_Bitvector_Mode_Reusing_Same_Loop_Iterator_2_T_Loop0_TestCase1, YES, 1710) (FSE_Bitvector_Mode_Reusing_Same_Loop_Iterator_2_T_Loop0_TestCase10, YES, 6812) (FSE_Bitvector_Mode_Reusing_Same_Loop_Iterator_2_T_Loop0_TestCase2, YES, 1729) (FSE_Bitvector_Mode_Reusing_Same_Loop_Iterator_2_T_Loop0_TestCase3, YES, 1693) | Z63: correct | AA63: 1 | AB63: 10/10 | AE63: 1 | AF63: 10/10 | AG63: 34889 | AH63: 3488.9 | AI63: 3123.5 | AJ63: (FSE_Bitvector_Mode_Reusing_Same_Loop_Iterator_2_T_Loop17_TestCase4, YES, 2127) (FSE_Bitvector_Mode_Reusing_Same_Loop_Iterator_2_T_Loop17_TestCase5, YES, 4171) (FSE_Bitvector_Mode_Reusing_Same_Loop_Iterator_2_T_Loop17_TestCase7, YES, 1710) (FSE_Bitvector_Mode_Reusing_Same_Loop_Iterator_2_T_Loop17_TestCase6, YES, 1708) (FSE_Bitvector_Mode_Reusing_Same_Loop_Iterator_2_T_Loop17_TestCase2, YES, 1723) (FSE_Bitvector_Mode_Reusing_Same_Loop_Iterator_2_T_Loop17_TestCase3, YES, 1740) (FSE_Bitvector_Mode_Reusing_Same_Loop_Iterator_2_T_Loop17_TestCase1, YES, 1754) (FSE_Bitvector_Mode_Reusing_Same_Loop_Iterator_2_T_Loop17_TestCase10, YES, 1748) (FSE_Bitvector_Mode_Reusing_Same_Loop_Iterator_2_T_Loop20_TestCase1, YES, 1710) (FSE_Bitvector_Mode_Reusing_Same_Loop_Iterator_2_T_Loop20_TestCase2, YES, 1701) (FSE_Bitvector_Mode_Reusing_Same_Loop_Iterator_2_T_Loop20_TestCase3, YES, 1729) (FSE_Bitvector_Mode_Reusing_Same_Loop_Iterator_2_T_Loop20_TestCase7, YES, 3662) (FSE_Bitvector_Mode_Reusing_Same_Loop_Iterator_2_T_Loop20_TestCase6, YES, 3906) (FSE_Bitvector_Mode_Reusing_Same_Loop_Iterator_2_T_Loop20_TestCase4, YES, 1752) (FSE_Bitvector_Mode_Reusing_Same_Loop_Iterator_2_T_Loop20_TestCase5, YES, 1749) (FSE_Bitvector_Mode_Reusing_Same_Loop_Iterator_2_T_Loop20_TestCase8, YES, 4360) (FSE_Bitvector_Mode_Reusing_Same_Loop_Iterator_2_T_Loop20_TestCase9, YES, 4072) (FSE_Bitvector_Mode_Reusing_Same_Loop_Iterator_2_T_Loop20_TestCase10, YES, 5175) (FSE_Bitvector_Mode_Reusing_Same_Loop_Iterator_2_T_Loop17_TestCase8, YES, 1710) (FSE_Bitvector_Mode_Reusing_Same_Loop_Iterator_2_T_Loop17_TestCase9, YES, 1723) | AK63: correct | AL63: 1 | AM63: 20/20 | AP63: 1 | AQ63: 20/20 | AR63: 49930 | AS63: 2496.5 | AT63: 1748.5
B64: Signed_Overflow_Error_1_T.c | C64: (FSE_Bitvector_Mode_Signed_Overflow_Error_1_NT_Loop0_TestCase0, YES, 2251) | D64: correct | E64: 1 | F64: 1/1 | I64: 1 | J64: 1/1 | K64: 2251 | L64: 2251 | M64: 2251 | N64: (FSE_Bitvector_Mode_Signed_Overflow_Error_1_NT_Loop13_TestCase0, YES, 2401) | O64: correct | P64: 1 | Q64: 1/1 | T64: 1 | U64: 1/1 | V64: 2401 | W64: 2401 | X64: 2401 | Y64: (FSE_Bitvector_Mode_Signed_Overflow_Error_1_NT_Loop0_TestCase0, YES, 2205) | Z64: correct | AA64: 1 | AB64: 1/1 | AE64: 1 | AF64: 1/1 | AG64: 2205 | AH64: 2205 | AI64: 2205 | AJ64: (FSE_Bitvector_Mode_Signed_Overflow_Error_1_NT_Loop13_TestCase0, YES, 2540) | AK64: correct | AL64: 1 | AM64: 1/1 | AP64: 1 | AQ64: 1/1 | AR64: 2540 | AS64: 2540 | AT64: 2540 | AU64: Bit Calculation + Overflow/Underflow
B65: Signed_Overflow_Error_1_T.c | C65: (FSE_Bitvector_Mode_Signed_Overflow_Error_1_T_Loop0_TestCase0, YES, 2257) | D65: correct | E65: 1 | F65: 1/1 | I65: 1 | J65: 1/1 | K65: 2257 | L65: 2257 | M65: 2257 | N65: (FSE_Bitvector_Mode_Signed_Overflow_Error_1_T_Loop14_TestCase0, YES, 2215) | O65: correct | P65: 1 | Q65: 1/1 | T65: 1 | U65: 1/1 | V65: 2215 | W65: 2215 | X65: 2215 | Y65: (FSE_Bitvector_Mode_Signed_Overflow_Error_1_T_Loop0_TestCase0, YES, 2234) | Z65: correct | AA65: 1 | AB65: 1/1 | AE65: 1 | AF65: 1/1 | AG65: 2234 | AH65: 2234 | AI65: 2234 | AJ65: (FSE_Bitvector_Mode_Signed_Overflow_Error_1_T_Loop14_TestCase0, YES, 2282) | AK65: correct | AL65: 1 | AM65: 1/1 | AP65: 1 | AQ65: 1/1 | AR65: 2282 | AS65: 2282 | AT65: 2282 | AU65: Bit Calculation + Overflow/Underflow
B66: Signed_Overflow_Error_2_NT.c | C66: (FSE_Bitvector_Mode_Signed_Overflow_Error_2_NT_Loop0_TestCase0, NO, 7851) | D66: correct | E66: 0 | F66: 0/0 | G66: 1 | H66: 1/1 | I66: 1 | J66: 1/1 | K66: 7851 | L66: 7851 | M66: 7851 | N66: (FSE_Bitvector_Mode_Signed_Overflow_Error_2_NT_Loop15_TestCase0, NO, 7054) | O66: correct | P66: 0 | Q66: 0/0 | R66: 1 | S66: 1/1 | T66: 1 | U66: 1/1 | V66: 7054 | W66: 7054 | X66: 7054 | Y66: (FSE_Bitvector_Mode_Signed_Overflow_Error_2_NT_Loop0_TestCase1, YES, 1694) (FSE_Bitvector_Mode_Signed_Overflow_Error_2_NT_Loop0_TestCase2, YES, 1768) (FSE_Bitvector_Mode_Signed_Overflow_Error_2_NT_Loop0_TestCase3, YES, 1737) (FSE_Bitvector_Mode_Signed_Overflow_Error_2_NT_Loop0_TestCase7, TIMEOUT, 301600) (FSE_Bitvector_Mode_Signed_Overflow_Error_2_NT_Loop0_TestCase6, NO, 1712) (FSE_Bitvector_Mode_Signed_Overflow_Error_2_NT_Loop0_TestCase4, YES, 2016) (FSE_Bitvector_Mode_Signed_Overflow_Error_2_NT_Loop0_TestCase5, YES, 1840) (FSE_Bitvector_Mode_Signed_Overflow_Error_2_NT_Loop0_TestCase10, TIMEOUT, 301592) (FSE_Bitvector_Mode_Signed_Overflow_Error_2_NT_Loop0_TestCase8, TIMEOUT, 301667) (FSE_Bitvector_Mode_Signed_Overflow_Error_2_NT_Loop0_TestCase9, TIMEOUT, 301609) | Z66: correct | AA66: 1 | AB66: 5/5 | AC66: 0.2 | AD66: 1/5 | AE66: 0.6 | AF66: 6/10 | AG66: 10767 | AH66: 1794.5 | AI66: 1752.5 | AJ66: (FSE_Bitvector_Mode_Signed_Overflow_Error_2_NT_Loop15_TestCase4, YES, 1964) (FSE_Bitvector_Mode_Signed_Overflow_Error_2_NT_Loop15_TestCase5, YES, 1919) (FSE_Bitvector_Mode_Signed_Overflow_Error_2_NT_Loop15_TestCase7, NO, 100099) (FSE_Bitvector_Mode_Signed_Overflow_Error_2_NT_Loop15_TestCase6, NO, 1728) (FSE_Bitvector_Mode_Signed_Overflow_Error_2_NT_Loop15_TestCase2, YES, 1757) (FSE_Bitvector_Mode_Signed_Overflow_Error_2_NT_Loop15_TestCase3, YES, 1786) (FSE_Bitvector_Mode_Signed_Overflow_Error_2_NT_Loop15_TestCase1, YES, 1713) (FSE_Bitvector_Mode_Signed_Overflow_Error_2_NT_Loop15_TestCase10, TIMEOUT, 302228) (FSE_Bitvector_Mode_Signed_Overflow_Error_2_NT_Loop15_TestCase8, TIMEOUT, 301711) (FSE_Bitvector_Mode_Signed_Overflow_Error_2_NT_Loop15_TestCase9, TIMEOUT, 301765) | AK66: correct | AL66: 1 | AM66: 5/5 | AN66: 0.4 | AO66: 2/5 | AP66: 0.7 | AQ66: 7/10 | AR66: 110966 | AS66: 15852.29 | AT66: 1786 | AU66: Bit Calculation + Overflow/Underflow
B67: Signed_Overflow_Error_2_T.c | C67: (FSE_Bitvector_Mode_Signed_Overflow_Error_2_T_Loop0_TestCase0, TIMEOUT, 301668) | D67: correct | E67: 0 | F67: 0/1 | I67: 0 | J67: 0/1 | K67: 0 | L67: 0 | M67: 0 | N67: (FSE_Bitvector_Mode_Signed_Overflow_Error_2_T_Loop14_TestCase0, TIMEOUT, 301647) | O67: correct | P67: 0 | Q67: 0/1 | T67: 0 | U67: 0/1 | V67: 0 | W67: 0 | X67: 0 | Y67: (FSE_Bitvector_Mode_Signed_Overflow_Error_2_T_Loop0_TestCase9, TIMEOUT, 301665) (FSE_Bitvector_Mode_Signed_Overflow_Error_2_T_Loop0_TestCase8, YES, 7669) (FSE_Bitvector_Mode_Signed_Overflow_Error_2_T_Loop0_TestCase1, YES, 1722) (FSE_Bitvector_Mode_Signed_Overflow_Error_2_T_Loop0_TestCase3, YES, 1692) (FSE_Bitvector_Mode_Signed_Overflow_Error_2_T_Loop0_TestCase2, YES, 1707) (FSE_Bitvector_Mode_Signed_Overflow_Error_2_T_Loop0_TestCase6, TIMEOUT, 301647) (FSE_Bitvector_Mode_Signed_Overflow_Error_2_T_Loop0_TestCase10, TIMEOUT, 301632) (FSE_Bitvector_Mode_Signed_Overflow_Error_2_T_Loop0_TestCase7, TIMEOUT, 301687) (FSE_Bitvector_Mode_Signed_Overflow_Error_2_T_Loop0_TestCase5, YES, 1723) (FSE_Bitvector_Mode_Signed_Overflow_Error_2_T_Loop0_TestCase4, YES, 1712) | Z67: correct | AA67: 0.6 | AB67: 6/10 | AE67: 0.6 | AF67: 6/10 | AG67: 16225 | AH67: 2704.17 | AI67: 1717 | AJ67: (FSE_Bitvector_Mode_Signed_Overflow_Error_2_T_Loop14_TestCase1, YES, 1757) (FSE_Bitvector_Mode_Signed_Overflow_Error_2_T_Loop14_TestCase2, YES, 1726) (FSE_Bitvector_Mode_Signed_Overflow_Error_2_T_Loop14_TestCase3, YES, 1778) (FSE_Bitvector_Mode_Signed_Overflow_Error_2_T_Loop14_TestCase7, TIMEOUT, 301768) (FSE_Bitvector_Mode_Signed_Overflow_Error_2_T_Loop14_TestCase6, TIMEOUT, 301752) (FSE_Bitvector_Mode_Signed_Overflow_Error_2_T_Loop14_TestCase4, YES, 1838) (FSE_Bitvector_Mode_Signed_Overflow_Error_2_T_Loop14_TestCase5, YES, 1771) (FSE_Bitvector_Mode_Signed_Overflow_Error_2_T_Loop14_TestCase10, TIMEOUT, 301726) (FSE_Bitvector_Mode_Signed_Overflow_Error_2_T_Loop14_TestCase8, YES, 3684) (FSE_Bitvector_Mode_Signed_Overflow_Error_2_T_Loop14_TestCase9, TIMEOUT, 301752) | AK67: correct | AL67: 0.6 | AM67: 6/10 | AP67: 0.6 | AQ67: 6/10 | AR67: 12554 | AS67: 2092.33 | AT67: 1774.5 | AU67: Bit Calculation + Overflow/Underflow
B68: Signed_Overflow_Error_3_NT.c | C68: (FSE_Bitvector_Mode_Signed_Overflow_Error_3_NT_Loop0_TestCase0, NO, 8477) | D68: correct | E68: 0 | F68: 0/0 | G68: 1 | H68: 1/1 | I68: 1 | J68: 1/1 | K68: 8477 | L68: 8477 | M68: 8477 | N68: (FSE_Bitvector_Mode_Signed_Overflow_Error_3_NT_Loop15_TestCase0, NO, 7594) | O68: correct | P68: 0 | Q68: 0/0 | R68: 1 | S68: 1/1 | T68: 1 | U68: 1/1 | V68: 7594 | W68: 7594 | X68: 7594 | Y68: (FSE_Bitvector_Mode_Signed_Overflow_Error_3_NT_Loop0_TestCase5, YES, 145599) (FSE_Bitvector_Mode_Signed_Overflow_Error_3_NT_Loop0_TestCase4, YES, 5016) (FSE_Bitvector_Mode_Signed_Overflow_Error_3_NT_Loop0_TestCase6, NO, 1826) (FSE_Bitvector_Mode_Signed_Overflow_Error_3_NT_Loop0_TestCase7, TIMEOUT, 301636) (FSE_Bitvector_Mode_Signed_Overflow_Error_3_NT_Loop0_TestCase3, YES, 1854) (FSE_Bitvector_Mode_Signed_Overflow_Error_3_NT_Loop0_TestCase2, YES, 1709) (FSE_Bitvector_Mode_Signed_Overflow_Error_3_NT_Loop0_TestCase1, MAYBE, 558) (FSE_Bitvector_Mode_Signed_Overflow_Error_3_NT_Loop0_TestCase10, TIMEOUT, 301600) (FSE_Bitvector_Mode_Signed_Overflow_Error_3_NT_Loop0_TestCase9, TIMEOUT, 301606) (FSE_Bitvector_Mode_Signed_Overflow_Error_3_NT_Loop0_TestCase8, TIMEOUT, 301622) | Z68: correct | AA68: 0.8 | AB68: 4/5 | AC68: 0.2 | AD68: 1/5 | AE68: 0.5 | AF68: 5/10 | AG68: 156004 | AH68: 31200.8 | AI68: 1854 | AJ68: (FSE_Bitvector_Mode_Signed_Overflow_Error_3_NT_Loop15_TestCase9, TIMEOUT, 301699) (FSE_Bitvector_Mode_Signed_Overflow_Error_3_NT_Loop15_TestCase8, TIMEOUT, 301729) (FSE_Bitvector_Mode_Signed_Overflow_Error_3_NT_Loop15_TestCase1, MAYBE, 549) (FSE_Bitvector_Mode_Signed_Overflow_Error_3_NT_Loop15_TestCase3, YES, 1723) (FSE_Bitvector_Mode_Signed_Overflow_Error_3_NT_Loop15_TestCase2, YES, 1742) (FSE_Bitvector_Mode_Signed_Overflow_Error_3_NT_Loop15_TestCase6, NO, 1830) (FSE_Bitvector_Mode_Signed_Overflow_Error_3_NT_Loop15_TestCase10, TIMEOUT, 301744) (FSE_Bitvector_Mode_Signed_Overflow_Error_3_NT_Loop15_TestCase7, TIMEOUT, 301687) (FSE_Bitvector_Mode_Signed_Overflow_Error_3_NT_Loop15_TestCase5, YES, 2453) (FSE_Bitvector_Mode_Signed_Overflow_Error_3_NT_Loop15_TestCase4, YES, 2011) | AK68: correct | AL68: 0.8 | AM68: 4/5 | AN68: 0.2 | AO68: 1/5 | AP68: 0.5 | AQ68: 5/10 | AR68: 9759 | AS68: 1951.8 | AT68: 1830 | AU68: Overflow/Underflow
B69: Signed_Overflow_Error_3_T.c | C69: (FSE_Bitvector_Mode_Signed_Overflow_Error_3_T_Loop0_TestCase0, YES, 2042) | D69: correct | E69: 1 | F69: 1/1 | I69: 1 | J69: 1/1 | K69: 2042 | L69: 2042 | M69: 2042 | N69: (FSE_Bitvector_Mode_Signed_Overflow_Error_3_T_Loop14_TestCase0, YES, 1899) | O69: correct | P69: 1 | Q69: 1/1 | T69: 1 | U69: 1/1 | V69: 1899 | W69: 1899 | X69: 1899 | Y69: (FSE_Bitvector_Mode_Signed_Overflow_Error_3_T_Loop0_TestCase3, YES, 1701) (FSE_Bitvector_Mode_Signed_Overflow_Error_3_T_Loop0_TestCase2, YES, 1672) (FSE_Bitvector_Mode_Signed_Overflow_Error_3_T_Loop0_TestCase1, MAYBE, 553) (FSE_Bitvector_Mode_Signed_Overflow_Error_3_T_Loop0_TestCase5, YES, 1916) (FSE_Bitvector_Mode_Signed_Overflow_Error_3_T_Loop0_TestCase4, YES, 1805) (FSE_Bitvector_Mode_Signed_Overflow_Error_3_T_Loop0_TestCase6, YES, 1902) (FSE_Bitvector_Mode_Signed_Overflow_Error_3_T_Loop0_TestCase7, YES, 2158) (FSE_Bitvector_Mode_Signed_Overflow_Error_3_T_Loop0_TestCase9, YES, 1938) (FSE_Bitvector_Mode_Signed_Overflow_Error_3_T_Loop0_TestCase8, YES, 1938) (FSE_Bitvector_Mode_Signed_Overflow_Error_3_T_Loop0_TestCase10, YES, 1984) | Z69: correct | AA69: 0.9 | AB69: 9/10 | AE69: 0.9 | AF69: 9/10 | AG69: 17014 | AH69: 1890.44 | AI69: 1916 | AJ69: (FSE_Bitvector_Mode_Signed_Overflow_Error_3_T_Loop14_TestCase10, YES, 1828) (FSE_Bitvector_Mode_Signed_Overflow_Error_3_T_Loop14_TestCase5, YES, 1799) (FSE_Bitvector_Mode_Signed_Overflow_Error_3_T_Loop14_TestCase4, YES, 1744) (FSE_Bitvector_Mode_Signed_Overflow_Error_3_T_Loop14_TestCase6, YES, 1890) (FSE_Bitvector_Mode_Signed_Overflow_Error_3_T_Loop14_TestCase7, YES, 1846) (FSE_Bitvector_Mode_Signed_Overflow_Error_3_T_Loop14_TestCase3, YES, 1910) (FSE_Bitvector_Mode_Signed_Overflow_Error_3_T_Loop14_TestCase2, YES, 4047) (FSE_Bitvector_Mode_Signed_Overflow_Error_3_T_Loop14_TestCase1, MAYBE, 544) (FSE_Bitvector_Mode_Signed_Overflow_Error_3_T_Loop14_TestCase9, YES, 1801) (FSE_Bitvector_Mode_Signed_Overflow_Error_3_T_Loop14_TestCase8, YES, 1839) | AK69: correct | AL69: 0.9 | AM69: 9/10 | AP69: 0.9 | AQ69: 9/10 | AR69: 18704 | AS69: 2078.22 | AT69: 1839 | AU69: Overflow/Underflow
B70: Type_Conversion_in_Assignment_1_NT.c | C70: (FSE_Bitvector_Mode_Type_Conversion_in_Assignment_1_NT_Loop0_TestCase0, NO, 2065) | D70: correct | E70: 0 | F70: 0/0 | G70: 1 | H70: 1/1 | I70: 1 | J70: 1/1 | K70: 2065 | L70: 2065 | M70: 2065 | N70: (FSE_Bitvector_Mode_Type_Conversion_in_Assignment_1_NT_Loop27_TestCase0, MAYBE, 579) | O70: correct | P70: 0 | Q70: 0/0 | R70: 0 | S70: 0/1 | T70: 0 | U70: 0/1 | V70: 0 | W70: 0 | X70: 0 | Y70: (FSE_Bitvector_Mode_Type_Conversion_in_Assignment_1_NT_Loop0_TestCase5, YES, 1837) (FSE_Bitvector_Mode_Type_Conversion_in_Assignment_1_NT_Loop0_TestCase4, YES, 1929) (FSE_Bitvector_Mode_Type_Conversion_in_Assignment_1_NT_Loop0_TestCase6, NO, 1822) (FSE_Bitvector_Mode_Type_Conversion_in_Assignment_1_NT_Loop0_TestCase7, NO, 1776) (FSE_Bitvector_Mode_Type_Conversion_in_Assignment_1_NT_Loop0_TestCase3, YES, 1784) (FSE_Bitvector_Mode_Type_Conversion_in_Assignment_1_NT_Loop0_TestCase2, YES, 1757) (FSE_Bitvector_Mode_Type_Conversion_in_Assignment_1_NT_Loop0_TestCase1, YES, 1764) (FSE_Bitvector_Mode_Type_Conversion_in_Assignment_1_NT_Loop0_TestCase10, NO, 1766) (FSE_Bitvector_Mode_Type_Conversion_in_Assignment_1_NT_Loop0_TestCase9, NO, 1762) (FSE_Bitvector_Mode_Type_Conversion_in_Assignment_1_NT_Loop0_TestCase8, NO, 1766) | Z70: correct | AA70: 1 | AB70: 5/5 | AC70: 1 | AD70: 5/5 | AE70: 1 | AF70: 10/10 | AG70: 17963 | AH70: 1796.3 | AI70: 1771 | AJ70: (FSE_Bitvector_Mode_Type_Conversion_in_Assignment_1_NT_Loop27_TestCase4, MAYBE, 578) (FSE_Bitvector_Mode_Type_Conversion_in_Assignment_1_NT_Loop27_TestCase5, MAYBE, 574) (FSE_Bitvector_Mode_Type_Conversion_in_Assignment_1_NT_Loop27_TestCase7, MAYBE, 590) (FSE_Bitvector_Mode_Type_Conversion_in_Assignment_1_NT_Loop27_TestCase6, MAYBE, 580) (FSE_Bitvector_Mode_Type_Conversion_in_Assignment_1_NT_Loop27_TestCase2, MAYBE, 588) (FSE_Bitvector_Mode_Type_Conversion_in_Assignment_1_NT_Loop27_TestCase3, MAYBE, 578) (FSE_Bitvector_Mode_Type_Conversion_in_Assignment_1_NT_Loop27_TestCase1, MAYBE, 614) (FSE_Bitvector_Mode_Type_Conversion_in_Assignment_1_NT_Loop27_TestCase10, MAYBE, 575) (FSE_Bitvector_Mode_Type_Conversion_in_Assignment_1_NT_Loop27_TestCase8, MAYBE, 588) (FSE_Bitvector_Mode_Type_Conversion_in_Assignment_1_NT_Loop27_TestCase9, MAYBE, 569) | AK70: correct | AL70: 0 | AM70: 0/5 | AN70: 0 | AO70: 0/5 | AP70: 0 | AQ70: 0/10 | AR70: 0 | AS70: 0 | AT70: 0 | AU70: Overflow/Underflow
B71: Type_Conversion_in_Assignment_1_T.c | C71: (FSE_Bitvector_Mode_Type_Conversion_in_Assignment_1_T_Loop0_TestCase0, YES, 1829) | D71: correct | E71: 1 | F71: 1/1 | I71: 1 | J71: 1/1 | K71: 1829 | L71: 1829 | M71: 1829 | N71: (FSE_Bitvector_Mode_Type_Conversion_in_Assignment_1_T_Loop26_TestCase0, MAYBE, 571) | O71: correct | P71: 0 | Q71: 0/1 | T71: 0 | U71: 0/1 | V71: 0 | W71: 0 | X71: 0 | Y71: (FSE_Bitvector_Mode_Type_Conversion_in_Assignment_1_T_Loop0_TestCase3, YES, 1753) (FSE_Bitvector_Mode_Type_Conversion_in_Assignment_1_T_Loop0_TestCase2, YES, 1763) (FSE_Bitvector_Mode_Type_Conversion_in_Assignment_1_T_Loop0_TestCase1, YES, 1743) (FSE_Bitvector_Mode_Type_Conversion_in_Assignment_1_T_Loop0_TestCase5, YES, 1771) (FSE_Bitvector_Mode_Type_Conversion_in_Assignment_1_T_Loop0_TestCase4, YES, 1749) (FSE_Bitvector_Mode_Type_Conversion_in_Assignment_1_T_Loop0_TestCase6, YES, 1715) (FSE_Bitvector_Mode_Type_Conversion_in_Assignment_1_T_Loop0_TestCase7, YES, 1728) (FSE_Bitvector_Mode_Type_Conversion_in_Assignment_1_T_Loop0_TestCase9, YES, 1743) (FSE_Bitvector_Mode_Type_Conversion_in_Assignment_1_T_Loop0_TestCase8, YES, 1739) (FSE_Bitvector_Mode_Type_Conversion_in_Assignment_1_T_Loop0_TestCase10, YES, 1801) | Z71: correct | AA71: 1 | AB71: 10/10 | AE71: 1 | AF71: 10/10 | AG71: 17505 | AH71: 1750.5 | AI71: 1746 | AJ71: (FSE_Bitvector_Mode_Type_Conversion_in_Assignment_1_T_Loop26_TestCase9, MAYBE, 585) (FSE_Bitvector_Mode_Type_Conversion_in_Assignment_1_T_Loop26_TestCase8, MAYBE, 862) (FSE_Bitvector_Mode_Type_Conversion_in_Assignment_1_T_Loop26_TestCase6, MAYBE, 594) (FSE_Bitvector_Mode_Type_Conversion_in_Assignment_1_T_Loop26_TestCase7, MAYBE, 579) (FSE_Bitvector_Mode_Type_Conversion_in_Assignment_1_T_Loop26_TestCase5, MAYBE, 575) (FSE_Bitvector_Mode_Type_Conversion_in_Assignment_1_T_Loop26_TestCase4, MAYBE, 571) (FSE_Bitvector_Mode_Type_Conversion_in_Assignment_1_T_Loop26_TestCase1, MAYBE, 582) (FSE_Bitvector_Mode_Type_Conversion_in_Assignment_1_T_Loop26_TestCase10, MAYBE, 586) (FSE_Bitvector_Mode_Type_Conversion_in_Assignment_1_T_Loop26_TestCase3, MAYBE, 586) (FSE_Bitvector_Mode_Type_Conversion_in_Assignment_1_T_Loop26_TestCase2, MAYBE, 571) | AK71: correct | AL71: 0 | AM71: 0/10 | AP71: 0 | AQ71: 0/10 | AR71: 0 | AS71: 0 | AT71: 0 | AU71: Overflow/Underflow
B72: Type_Conversion_in_Comparison_1_NT.c | C72: (FSE_Bitvector_Mode_Type_Conversion_in_Comparison_1_NT_Loop0_TestCase0, NO, 2545) | D72: correct | E72: 0 | F72: 0/0 | G72: 1 | H72: 1/1 | I72: 1 | J72: 1/1 | K72: 2545 | L72: 2545 | M72: 2545 | N72: (FSE_Bitvector_Mode_Type_Conversion_in_Comparison_1_NT_Loop16_TestCase0, NO, 3007) | O72: correct | P72: 0 | Q72: 0/0 | R72: 1 | S72: 1/1 | T72: 1 | U72: 1/1 | V72: 3007 | W72: 3007 | X72: 3007 | Y72: (FSE_Bitvector_Mode_Type_Conversion_in_Comparison_1_NT_Loop0_TestCase10, NO, 1668) (FSE_Bitvector_Mode_Type_Conversion_in_Comparison_1_NT_Loop0_TestCase9, NO, 1678) (FSE_Bitvector_Mode_Type_Conversion_in_Comparison_1_NT_Loop0_TestCase8, NO, 1697) (FSE_Bitvector_Mode_Type_Conversion_in_Comparison_1_NT_Loop0_TestCase1, YES, 1691) (FSE_Bitvector_Mode_Type_Conversion_in_Comparison_1_NT_Loop0_TestCase3, YES, 1778) (FSE_Bitvector_Mode_Type_Conversion_in_Comparison_1_NT_Loop0_TestCase2, YES, 1806) (FSE_Bitvector_Mode_Type_Conversion_in_Comparison_1_NT_Loop0_TestCase6, NO, 1698) (FSE_Bitvector_Mode_Type_Conversion_in_Comparison_1_NT_Loop0_TestCase7, NO, 1695) (FSE_Bitvector_Mode_Type_Conversion_in_Comparison_1_NT_Loop0_TestCase5, YES, 1818) (FSE_Bitvector_Mode_Type_Conversion_in_Comparison_1_NT_Loop0_TestCase4, YES, 1796) | Z72: correct | AA72: 1 | AB72: 5/5 | AC72: 1 | AD72: 5/5 | AE72: 1 | AF72: 10/10 | AG72: 17325 | AH72: 1732.5 | AI72: 1697.5 | AJ72: (FSE_Bitvector_Mode_Type_Conversion_in_Comparison_1_NT_Loop16_TestCase1, YES, 1724) (FSE_Bitvector_Mode_Type_Conversion_in_Comparison_1_NT_Loop16_TestCase3, YES, 1814) (FSE_Bitvector_Mode_Type_Conversion_in_Comparison_1_NT_Loop16_TestCase2, YES, 1847) (FSE_Bitvector_Mode_Type_Conversion_in_Comparison_1_NT_Loop16_TestCase6, NO, 1738) (FSE_Bitvector_Mode_Type_Conversion_in_Comparison_1_NT_Loop16_TestCase10, NO, 1961) (FSE_Bitvector_Mode_Type_Conversion_in_Comparison_1_NT_Loop16_TestCase7, NO, 1699) (FSE_Bitvector_Mode_Type_Conversion_in_Comparison_1_NT_Loop16_TestCase5, YES, 3541) (FSE_Bitvector_Mode_Type_Conversion_in_Comparison_1_NT_Loop16_TestCase4, YES, 1850) (FSE_Bitvector_Mode_Type_Conversion_in_Comparison_1_NT_Loop16_TestCase9, NO, 1716) (FSE_Bitvector_Mode_Type_Conversion_in_Comparison_1_NT_Loop16_TestCase8, NO, 1754) | AK72: correct | AL72: 1 | AM72: 5/5 | AN72: 1 | AO72: 5/5 | AP72: 1 | AQ72: 10/10 | AR72: 19644 | AS72: 1964.4 | AT72: 1784 | AU72: Overflow/Underflow
B73: Type_Conversion_in_Comparison_1_T.c | C73: (FSE_Bitvector_Mode_Type_Conversion_in_Comparison_1_T_Loop0_TestCase0, YES, 1868) | D73: correct | E73: 1 | F73: 1/1 | I73: 1 | J73: 1/1 | K73: 1868 | L73: 1868 | M73: 1868 | N73: (FSE_Bitvector_Mode_Type_Conversion_in_Comparison_1_T_Loop18_TestCase0, YES, 1846) | O73: correct | P73: 1 | Q73: 1/1 | T73: 1 | U73: 1/1 | V73: 1846 | W73: 1846 | X73: 1846 | Y73: (FSE_Bitvector_Mode_Type_Conversion_in_Comparison_1_T_Loop0_TestCase10, YES, 1682) (FSE_Bitvector_Mode_Type_Conversion_in_Comparison_1_T_Loop0_TestCase8, YES, 1902) (FSE_Bitvector_Mode_Type_Conversion_in_Comparison_1_T_Loop0_TestCase9, YES, 1791) (FSE_Bitvector_Mode_Type_Conversion_in_Comparison_1_T_Loop0_TestCase7, YES, 1800) (FSE_Bitvector_Mode_Type_Conversion_in_Comparison_1_T_Loop0_TestCase6, YES, 1726) (FSE_Bitvector_Mode_Type_Conversion_in_Comparison_1_T_Loop0_TestCase4, YES, 1784) (FSE_Bitvector_Mode_Type_Conversion_in_Comparison_1_T_Loop0_TestCase5, YES, 1815) (FSE_Bitvector_Mode_Type_Conversion_in_Comparison_1_T_Loop0_TestCase1, YES, 1664) (FSE_Bitvector_Mode_Type_Conversion_in_Comparison_1_T_Loop0_TestCase2, YES, 1727) (FSE_Bitvector_Mode_Type_Conversion_in_Comparison_1_T_Loop0_TestCase3, YES, 1805) | Z73: correct | AA73: 1 | AB73: 10/10 | AE73: 1 | AF73: 10/10 | AG73: 17696 | AH73: 1769.6 | AI73: 1787.5 | AJ73: (FSE_Bitvector_Mode_Type_Conversion_in_Comparison_1_T_Loop18_TestCase7, YES, 1664) (FSE_Bitvector_Mode_Type_Conversion_in_Comparison_1_T_Loop18_TestCase6, YES, 4174) (FSE_Bitvector_Mode_Type_Conversion_in_Comparison_1_T_Loop18_TestCase4, YES, 1810) (FSE_Bitvector_Mode_Type_Conversion_in_Comparison_1_T_Loop18_TestCase5, YES, 1722) (FSE_Bitvector_Mode_Type_Conversion_in_Comparison_1_T_Loop18_TestCase1, YES, 1727) (FSE_Bitvector_Mode_Type_Conversion_in_Comparison_1_T_Loop18_TestCase2, YES, 1753) (FSE_Bitvector_Mode_Type_Conversion_in_Comparison_1_T_Loop18_TestCase3, YES, 1734) (FSE_Bitvector_Mode_Type_Conversion_in_Comparison_1_T_Loop18_TestCase8, YES, 1683) (FSE_Bitvector_Mode_Type_Conversion_in_Comparison_1_T_Loop18_TestCase10, YES, 1731) (FSE_Bitvector_Mode_Type_Conversion_in_Comparison_1_T_Loop18_TestCase9, YES, 1711) | AK73: correct | AL73: 1 | AM73: 10/10 | AP73: 1 | AQ73: 10/10 | AR73: 19709 | AS73: 1970.9 | AT73: 1729 | AU73: Overflow/Underflow
B74: Type_Conversion_in_Comparison_2_NT.c | C74: (FSE_Bitvector_Mode_Type_Conversion_in_Comparison_2_NT_Loop0_TestCase0, NO, 1897) | D74: correct | E74: 0 | F74: 0/0 | G74: 1 | H74: 1/1 | I74: 1 | J74: 1/1 | K74: 1897 | L74: 1897 | M74: 1897 | N74: (FSE_Bitvector_Mode_Type_Conversion_in_Comparison_2_NT_Loop17_TestCase0, NO, 1926) | O74: correct | P74: 0 | Q74: 0/0 | R74: 1 | S74: 1/1 | T74: 1 | U74: 1/1 | V74: 1926 | W74: 1926 | X74: 1926 | Y74: (FSE_Bitvector_Mode_Type_Conversion_in_Comparison_2_NT_Loop0_TestCase10, NO, 1710) (FSE_Bitvector_Mode_Type_Conversion_in_Comparison_2_NT_Loop0_TestCase9, NO, 1690) (FSE_Bitvector_Mode_Type_Conversion_in_Comparison_2_NT_Loop0_TestCase8, NO, 1717) (FSE_Bitvector_Mode_Type_Conversion_in_Comparison_2_NT_Loop0_TestCase5, TIMEOUT, 301657) (FSE_Bitvector_Mode_Type_Conversion_in_Comparison_2_NT_Loop0_TestCase4, YES, 1749) (FSE_Bitvector_Mode_Type_Conversion_in_Comparison_2_NT_Loop0_TestCase6, NO, 1728) (FSE_Bitvector_Mode_Type_Conversion_in_Comparison_2_NT_Loop0_TestCase7, NO, 1673) (FSE_Bitvector_Mode_Type_Conversion_in_Comparison_2_NT_Loop0_TestCase3, YES, 1702) (FSE_Bitvector_Mode_Type_Conversion_in_Comparison_2_NT_Loop0_TestCase2, YES, 2122) (FSE_Bitvector_Mode_Type_Conversion_in_Comparison_2_NT_Loop0_TestCase1, YES, 1753) | Z74: correct | AA74: 0.8 | AB74: 4/5 | AC74: 1 | AD74: 5/5 | AE74: 0.9 | AF74: 9/10 | AG74: 15844 | AH74: 1760.44 | AI74: 1717 | AJ74: (FSE_Bitvector_Mode_Type_Conversion_in_Comparison_2_NT_Loop17_TestCase8, NO, 1704) (FSE_Bitvector_Mode_Type_Conversion_in_Comparison_2_NT_Loop17_TestCase9, NO, 1728) (FSE_Bitvector_Mode_Type_Conversion_in_Comparison_2_NT_Loop17_TestCase2, YES, 2165) (FSE_Bitvector_Mode_Type_Conversion_in_Comparison_2_NT_Loop17_TestCase3, YES, 1767) (FSE_Bitvector_Mode_Type_Conversion_in_Comparison_2_NT_Loop17_TestCase1, YES, 1725) (FSE_Bitvector_Mode_Type_Conversion_in_Comparison_2_NT_Loop17_TestCase10, NO, 1890) (FSE_Bitvector_Mode_Type_Conversion_in_Comparison_2_NT_Loop17_TestCase4, YES, 1749) (FSE_Bitvector_Mode_Type_Conversion_in_Comparison_2_NT_Loop17_TestCase5, TIMEOUT, 301700) (FSE_Bitvector_Mode_Type_Conversion_in_Comparison_2_NT_Loop17_TestCase7, NO, 1744) (FSE_Bitvector_Mode_Type_Conversion_in_Comparison_2_NT_Loop17_TestCase6, NO, 1709) | AK74: correct | AL74: 0.8 | AM74: 4/5 | AN74: 1 | AO74: 5/5 | AP74: 0.9 | AQ74: 9/10 | AR74: 16181 | AS74: 1797.89 | AT74: 1744 | AU74: Overflow/Underflow
B75: Type_Conversion_in_Comparison_2_T.c | C75: (FSE_Bitvector_Mode_Type_Conversion_in_Comparison_2_T_Loop0_TestCase0, TIMEOUT, 301741) | D75: correct | E75: 0 | F75: 0/1 | I75: 0 | J75: 0/1 | K75: 0 | L75: 0 | M75: 0 | N75: (FSE_Bitvector_Mode_Type_Conversion_in_Comparison_2_T_Loop16_TestCase0, TIMEOUT, 301744) | O75: correct | P75: 0 | Q75: 0/1 | T75: 0 | U75: 0/1 | V75: 0 | W75: 0 | X75: 0 | Y75: (FSE_Bitvector_Mode_Type_Conversion_in_Comparison_2_T_Loop0_TestCase3, YES, 1691) (FSE_Bitvector_Mode_Type_Conversion_in_Comparison_2_T_Loop0_TestCase2, YES, 2127) (FSE_Bitvector_Mode_Type_Conversion_in_Comparison_2_T_Loop0_TestCase10, TIMEOUT, 301623) (FSE_Bitvector_Mode_Type_Conversion_in_Comparison_2_T_Loop0_TestCase1, YES, 1752) (FSE_Bitvector_Mode_Type_Conversion_in_Comparison_2_T_Loop0_TestCase5, TIMEOUT, 301625) (FSE_Bitvector_Mode_Type_Conversion_in_Comparison_2_T_Loop0_TestCase4, YES, 1835) (FSE_Bitvector_Mode_Type_Conversion_in_Comparison_2_T_Loop0_TestCase6, YES, 1753) (FSE_Bitvector_Mode_Type_Conversion_in_Comparison_2_T_Loop0_TestCase7, YES, 1823) (FSE_Bitvector_Mode_Type_Conversion_in_Comparison_2_T_Loop0_TestCase9, TIMEOUT, 301606) (FSE_Bitvector_Mode_Type_Conversion_in_Comparison_2_T_Loop0_TestCase8, TIMEOUT, 301611) | Z75: correct | AA75: 0.6 | AB75: 6/10 | AE75: 0.6 | AF75: 6/10 | AG75: 10981 | AH75: 1830.17 | AI75: 1788 | AJ75: (FSE_Bitvector_Mode_Type_Conversion_in_Comparison_2_T_Loop16_TestCase7, YES, 1866) (FSE_Bitvector_Mode_Type_Conversion_in_Comparison_2_T_Loop16_TestCase6, YES, 1794) (FSE_Bitvector_Mode_Type_Conversion_in_Comparison_2_T_Loop16_TestCase4, YES, 1861) (FSE_Bitvector_Mode_Type_Conversion_in_Comparison_2_T_Loop16_TestCase5, TIMEOUT, 301783) (FSE_Bitvector_Mode_Type_Conversion_in_Comparison_2_T_Loop16_TestCase1, YES, 1733) (FSE_Bitvector_Mode_Type_Conversion_in_Comparison_2_T_Loop16_TestCase2, YES, 2177) (FSE_Bitvector_Mode_Type_Conversion_in_Comparison_2_T_Loop16_TestCase3, YES, 1737) (FSE_Bitvector_Mode_Type_Conversion_in_Comparison_2_T_Loop16_TestCase8, TIMEOUT, 301733) (FSE_Bitvector_Mode_Type_Conversion_in_Comparison_2_T_Loop16_TestCase9, TIMEOUT, 303317) (FSE_Bitvector_Mode_Type_Conversion_in_Comparison_2_T_Loop16_TestCase10, TIMEOUT, 301726) | AK75: correct | AL75: 0.6 | AM75: 6/10 | AP75: 0.6 | AQ75: 6/10 | AR75: 11168 | AS75: 1861.33 | AT75: 1827.5 | AU75: Overflow/Underflow
B76: Undefined_Behavior_1_T.c | C76: (FSE_Bitvector_Mode_Undefined_Behavior_1_Loop0_TestCase0, YES, 1866) | D76: correct | E76: 1 | F76: 1/1 | I76: 1 | J76: 1/1 | K76: 1866 | L76: 1866 | M76: 1866 | N76: (FSE_Bitvector_Mode_Undefined_Behavior_1_Loop14_TestCase0, YES, 1870) | O76: correct | P76: 1 | Q76: 1/1 | T76: 1 | U76: 1/1 | V76: 1870 | W76: 1870 | X76: 1870 | Y76: (FSE_Bitvector_Mode_Undefined_Behavior_1_Loop0_TestCase8, YES, 1742) (FSE_Bitvector_Mode_Undefined_Behavior_1_Loop0_TestCase9, YES, 1715) (FSE_Bitvector_Mode_Undefined_Behavior_1_Loop0_TestCase10, YES, 1714) (FSE_Bitvector_Mode_Undefined_Behavior_1_Loop0_TestCase7, YES, 1712) (FSE_Bitvector_Mode_Undefined_Behavior_1_Loop0_TestCase6, YES, 1729) (FSE_Bitvector_Mode_Undefined_Behavior_1_Loop0_TestCase4, YES, 1727) (FSE_Bitvector_Mode_Undefined_Behavior_1_Loop0_TestCase5, YES, 1729) (FSE_Bitvector_Mode_Undefined_Behavior_1_Loop0_TestCase1, YES, 1704) (FSE_Bitvector_Mode_Undefined_Behavior_1_Loop0_TestCase2, YES, 1707) (FSE_Bitvector_Mode_Undefined_Behavior_1_Loop0_TestCase3, YES, 1720) | Z76: correct | AA76: 1 | AB76: 10/10 | AE76: 1 | AF76: 10/10 | AG76: 17199 | AH76: 1719.9 | AI76: 1717.5 | AJ76: (FSE_Bitvector_Mode_Undefined_Behavior_1_Loop14_TestCase10, YES, 1733) (FSE_Bitvector_Mode_Undefined_Behavior_1_Loop14_TestCase6, YES, 1720) (FSE_Bitvector_Mode_Undefined_Behavior_1_Loop14_TestCase7, YES, 1723) (FSE_Bitvector_Mode_Undefined_Behavior_1_Loop14_TestCase5, YES, 1736) (FSE_Bitvector_Mode_Undefined_Behavior_1_Loop14_TestCase4, YES, 1735) (FSE_Bitvector_Mode_Undefined_Behavior_1_Loop14_TestCase1, YES, 1726) (FSE_Bitvector_Mode_Undefined_Behavior_1_Loop14_TestCase3, YES, 1888) (FSE_Bitvector_Mode_Undefined_Behavior_1_Loop14_TestCase2, YES, 1728) (FSE_Bitvector_Mode_Undefined_Behavior_1_Loop14_TestCase9, YES, 1764) (FSE_Bitvector_Mode_Undefined_Behavior_1_Loop14_TestCase8, YES, 1687) | AK76: correct | AL76: 1 | AM76: 10/10 | AP76: 1 | AQ76: 10/10 | AR76: 17440 | AS76: 1744 | AT76: 1730.5 | AU76: Bit Calculation + Overflow/Underflow
B77: Undefined_Behavior_1_T.c | C77: (FSE_Bitvector_Mode_Undefined_Behavior_1_T_Loop0_TestCase0, YES, 1900) | D77: correct | E77: 1 | F77: 1/1 | I77: 1 | J77: 1/1 | K77: 1900 | L77: 1900 | M77: 1900 | N77: (FSE_Bitvector_Mode_Undefined_Behavior_1_T_Loop15_TestCase0, YES, 1747) | O77: correct | P77: 1 | Q77: 1/1 | T77: 1 | U77: 1/1 | V77: 1747 | W77: 1747 | X77: 1747 | Y77: (FSE_Bitvector_Mode_Undefined_Behavior_1_T_Loop0_TestCase10, YES, 1713) (FSE_Bitvector_Mode_Undefined_Behavior_1_T_Loop0_TestCase1, YES, 1786) (FSE_Bitvector_Mode_Undefined_Behavior_1_T_Loop0_TestCase2, YES, 1741) (FSE_Bitvector_Mode_Undefined_Behavior_1_T_Loop0_TestCase3, YES, 1744) (FSE_Bitvector_Mode_Undefined_Behavior_1_T_Loop0_TestCase7, YES, 1823) (FSE_Bitvector_Mode_Undefined_Behavior_1_T_Loop0_TestCase6, YES, 1816) (FSE_Bitvector_Mode_Undefined_Behavior_1_T_Loop0_TestCase4, YES, 1800) (FSE_Bitvector_Mode_Undefined_Behavior_1_T_Loop0_TestCase5, YES, 1710) (FSE_Bitvector_Mode_Undefined_Behavior_1_T_Loop0_TestCase8, YES, 1809) (FSE_Bitvector_Mode_Undefined_Behavior_1_T_Loop0_TestCase9, YES, 1817) | Z77: correct | AA77: 1 | AB77: 10/10 | AE77: 1 | AF77: 10/10 | AG77: 17759 | AH77: 1775.9 | AI77: 1793 | AJ77: (FSE_Bitvector_Mode_Undefined_Behavior_1_T_Loop15_TestCase7, YES, 4404) (FSE_Bitvector_Mode_Undefined_Behavior_1_T_Loop15_TestCase6, YES, 1824) (FSE_Bitvector_Mode_Undefined_Behavior_1_T_Loop15_TestCase4, YES, 1840) (FSE_Bitvector_Mode_Undefined_Behavior_1_T_Loop15_TestCase5, YES, 1837) (FSE_Bitvector_Mode_Undefined_Behavior_1_T_Loop15_TestCase1, YES, 1743) (FSE_Bitvector_Mode_Undefined_Behavior_1_T_Loop15_TestCase2, YES, 1746) (FSE_Bitvector_Mode_Undefined_Behavior_1_T_Loop15_TestCase3, YES, 1760) (FSE_Bitvector_Mode_Undefined_Behavior_1_T_Loop15_TestCase8, YES, 1725) (FSE_Bitvector_Mode_Undefined_Behavior_1_T_Loop15_TestCase9, YES, 1720) (FSE_Bitvector_Mode_Undefined_Behavior_1_T_Loop15_TestCase10, YES, 1963) | AK77: correct | AL77: 1 | AM77: 10/10 | AP77: 1 | AQ77: 10/10 | AR77: 20562 | AS77: 2056.2 | AT77: 1792 | AU77: Bit Calculation + Overflow/Underflow
